/*******************************************************************************
 * Size: 18 px
 * Bpp: 4
 * Opts: undefined
 ******************************************************************************/

#ifdef LV_LVGL_H_INCLUDE_SIMPLE
#include "lvgl.h"
#else
#include "lvgl.h"
#endif

#ifndef LV_FONT_YEZI_HEI_18
#define LV_FONT_YEZI_HEI_18 1
#endif

#if LV_FONT_YEZI_HEI_18

/*-----------------
 *    BITMAPS
 *----------------*/

/*Store the image of the glyphs*/
static LV_ATTRIBUTE_LARGE_CONST const uint8_t glyph_bitmap[] = {
    /* U+0020 " " */

    /* U+0021 "!" */
    0x4f, 0xff, 0x23, 0xff, 0xf1, 0x3f, 0xff, 0x13,
    0xff, 0xf0, 0x2f, 0xff, 0x2, 0xff, 0xf0, 0x2f,
    0xff, 0x2, 0xff, 0xf0, 0x1f, 0xfe, 0x0, 0x66,
    0x50, 0x0, 0x0, 0x0, 0xff, 0xf0, 0xf, 0xff,
    0x0, 0xff, 0xf0,

    /* U+0022 "\"" */
    0x16, 0x62, 0x66, 0x24, 0xff, 0x5f, 0xf5, 0x3f,
    0xf3, 0xff, 0x42, 0xff, 0x1f, 0xf3, 0x1f, 0xf0,
    0xff, 0x20, 0xff, 0xe, 0xf1,

    /* U+0023 "#" */
    0x0, 0x7, 0xff, 0x70, 0xff, 0xe0, 0x0, 0xa,
    0xff, 0x43, 0xff, 0xc0, 0x0, 0xd, 0xff, 0x25,
    0xff, 0xa0, 0xf, 0xff, 0xff, 0xff, 0xff, 0xf6,
    0xf, 0xff, 0xff, 0xff, 0xff, 0xf6, 0x3, 0x8f,
    0xfa, 0x4f, 0xfe, 0x31, 0x3, 0xaf, 0xf7, 0x5f,
    0xfc, 0x30, 0x2f, 0xff, 0xff, 0xff, 0xff, 0xf3,
    0x2f, 0xff, 0xff, 0xff, 0xff, 0xf3, 0x1, 0xff,
    0xc0, 0xcf, 0xf2, 0x0, 0x3, 0xff, 0xa0, 0xef,
    0xf0, 0x0, 0x6, 0xff, 0x71, 0xff, 0xd0, 0x0,

    /* U+0024 "$" */
    0x0, 0x0, 0x1f, 0xff, 0x0, 0x0, 0x0, 0x0,
    0x3f, 0xff, 0x20, 0x0, 0x0, 0x3c, 0xff, 0xff,
    0xfb, 0x10, 0x2, 0xff, 0xff, 0xff, 0xff, 0xb0,
    0xa, 0xff, 0xcd, 0xfd, 0xdf, 0xf0, 0xc, 0xff,
    0x7d, 0xfc, 0x36, 0x60, 0x9, 0xff, 0xff, 0xfd,
    0x10, 0x0, 0x2, 0xef, 0xff, 0xff, 0xfb, 0x20,
    0x0, 0x17, 0xcf, 0xff, 0xff, 0xe2, 0x5, 0x53,
    0xd, 0xfe, 0xef, 0xf8, 0xf, 0xfd, 0xd, 0xfc,
    0xaf, 0xfa, 0xc, 0xff, 0xae, 0xfe, 0xff, 0xf7,
    0x4, 0xff, 0xff, 0xff, 0xff, 0xd0, 0x0, 0x4d,
    0xff, 0xff, 0xf9, 0x0, 0x0, 0x0, 0x2f, 0xff,
    0x10, 0x0, 0x0, 0x0, 0x1f, 0xff, 0x10, 0x0,

    /* U+0025 "%" */
    0x0, 0x0, 0x0, 0x0, 0x6, 0xff, 0xf1, 0x0,
    0x3, 0xbf, 0xe7, 0x0, 0x1e, 0xff, 0x70, 0x0,
    0x1f, 0xff, 0xff, 0x70, 0x8f, 0xfe, 0x0, 0x0,
    0x7f, 0xd2, 0x7f, 0xe2, 0xff, 0xf5, 0x0, 0x0,
    0x7f, 0xd3, 0x8f, 0xea, 0xff, 0xc0, 0x0, 0x0,
    0x1e, 0xff, 0xff, 0xaf, 0xff, 0x30, 0x0, 0x0,
    0x2, 0xad, 0xc6, 0xcf, 0xfa, 0x0, 0x10, 0x0,
    0x0, 0x0, 0x5, 0xff, 0xf2, 0x9f, 0xfd, 0x30,
    0x0, 0x0, 0xe, 0xff, 0x99, 0xff, 0xff, 0xf1,
    0x0, 0x0, 0x7f, 0xfe, 0x1f, 0xf6, 0x1d, 0xf6,
    0x0, 0x1, 0xff, 0xf7, 0xe, 0xf6, 0x1d, 0xf6,
    0x0, 0x9, 0xff, 0xd0, 0x8, 0xff, 0xff, 0xe1,
    0x0, 0x2f, 0xff, 0x50, 0x0, 0x7e, 0xfb, 0x20,

    /* U+0026 "&" */
    0x0, 0x19, 0xef, 0xeb, 0x40, 0x0, 0x0, 0x1d,
    0xff, 0xff, 0xff, 0x50, 0x0, 0x6, 0xff, 0xc4,
    0x7f, 0xfd, 0x0, 0x0, 0x7f, 0xf8, 0x2, 0xff,
    0xd0, 0x0, 0x1, 0xff, 0xfb, 0xff, 0xe3, 0x0,
    0x0, 0xc, 0xff, 0xff, 0x81, 0x44, 0x40, 0xc,
    0xff, 0xff, 0xf8, 0x5f, 0xfa, 0x5, 0xff, 0xb1,
    0xdf, 0xff, 0xff, 0x20, 0x8f, 0xf7, 0x2, 0xff,
    0xff, 0x70, 0x6, 0xff, 0xe6, 0x5d, 0xff, 0xf2,
    0x0, 0x1e, 0xff, 0xff, 0xff, 0xff, 0xd1, 0x0,
    0x19, 0xef, 0xfc, 0x6c, 0xff, 0xc0,

    /* U+0027 "'" */
    0x5, 0x53, 0xf, 0xf7, 0xf, 0xf6, 0xe, 0xf5,
    0xe, 0xf4, 0xd, 0xf3,

    /* U+0028 "(" */
    0x1, 0x33, 0x20, 0x8, 0xff, 0x70, 0xe, 0xff,
    0x10, 0x3f, 0xfc, 0x0, 0x7f, 0xf8, 0x0, 0xaf,
    0xf5, 0x0, 0xcf, 0xf3, 0x0, 0xdf, 0xf2, 0x0,
    0xdf, 0xf2, 0x0, 0xcf, 0xf3, 0x0, 0xbf, 0xf5,
    0x0, 0x8f, 0xf8, 0x0, 0x4f, 0xfc, 0x0, 0xf,
    0xff, 0x10, 0xa, 0xff, 0x60, 0x3, 0xff, 0xd0,

    /* U+0029 ")" */
    0x13, 0x31, 0x0, 0x4f, 0xfb, 0x0, 0xe, 0xff,
    0x10, 0x9, 0xff, 0x60, 0x5, 0xff, 0xa0, 0x2,
    0xff, 0xd0, 0x0, 0xff, 0xf0, 0x0, 0xff, 0xf0,
    0x0, 0xff, 0xf0, 0x0, 0xff, 0xf0, 0x2, 0xff,
    0xe0, 0x5, 0xff, 0xb0, 0x9, 0xff, 0x70, 0xe,
    0xff, 0x20, 0x3f, 0xfd, 0x0, 0xaf, 0xf6, 0x0,

    /* U+002A "*" */
    0x1, 0x2f, 0xf2, 0x10, 0xa, 0xce, 0xfc, 0xb0,
    0x1e, 0xff, 0xff, 0xd2, 0x17, 0xef, 0xff, 0xa2,
    0xc, 0xfe, 0xfe, 0xe0, 0x2, 0x4e, 0xf4, 0x40,
    0x0, 0x5, 0x51, 0x0,

    /* U+002B "+" */
    0x0, 0x0, 0x1, 0x0, 0x0, 0x0, 0x0, 0xf,
    0xff, 0x0, 0x0, 0x0, 0x0, 0xff, 0xf0, 0x0,
    0x0, 0x0, 0xf, 0xff, 0x0, 0x0, 0x3f, 0xff,
    0xff, 0xff, 0xff, 0x3, 0xff, 0xff, 0xff, 0xff,
    0xf0, 0x16, 0x66, 0xff, 0xf6, 0x66, 0x0, 0x0,
    0xf, 0xff, 0x0, 0x0, 0x0, 0x0, 0xff, 0xe0,
    0x0, 0x0, 0x0, 0xf, 0xfe, 0x0, 0x0,

    /* U+002C "," */
    0x3, 0x55, 0x10, 0x9f, 0xfa, 0x9, 0xff, 0xa0,
    0x9f, 0xfa, 0x0, 0xf, 0x90, 0x4, 0xf6, 0x4,
    0xee, 0x11, 0xee, 0x30, 0x3, 0x10, 0x0,

    /* U+002D "-" */
    0x27, 0x77, 0x77, 0x75, 0x6f, 0xff, 0xff, 0xfb,
    0x6f, 0xff, 0xff, 0xfb,

    /* U+002E "." */
    0x13, 0x32, 0x5f, 0xfc, 0x5f, 0xfc, 0x5f, 0xfc,

    /* U+002F "/" */
    0x0, 0x0, 0x3f, 0xff, 0x30, 0x0, 0x8, 0xff,
    0xe0, 0x0, 0x0, 0xdf, 0xf8, 0x0, 0x0, 0x3f,
    0xff, 0x30, 0x0, 0x8, 0xff, 0xe0, 0x0, 0x0,
    0xdf, 0xf8, 0x0, 0x0, 0x3f, 0xff, 0x30, 0x0,
    0x8, 0xff, 0xd0, 0x0, 0x0, 0xdf, 0xf8, 0x0,
    0x0, 0x3f, 0xff, 0x30, 0x0, 0x8, 0xff, 0xd0,
    0x0, 0x0, 0xef, 0xf8, 0x0, 0x0, 0x3f, 0xff,
    0x20, 0x0, 0x0,

    /* U+0030 "0" */
    0x0, 0x4b, 0xff, 0xd6, 0x0, 0x4, 0xff, 0xff,
    0xff, 0x80, 0xc, 0xff, 0xb8, 0xff, 0xf1, 0x1f,
    0xff, 0x0, 0xbf, 0xf5, 0x3f, 0xfc, 0x0, 0x7f,
    0xf8, 0x4f, 0xfb, 0x0, 0x6f, 0xf9, 0x4f, 0xfb,
    0x0, 0x6f, 0xf9, 0x3f, 0xfc, 0x0, 0x8f, 0xf8,
    0x1f, 0xfe, 0x0, 0xcf, 0xf5, 0xc, 0xff, 0xca,
    0xff, 0xf1, 0x4, 0xff, 0xff, 0xff, 0x80, 0x0,
    0x4c, 0xff, 0xd7, 0x0,

    /* U+0031 "1" */
    0x0, 0x1, 0x27, 0xdf, 0xfb, 0xaf, 0xff, 0xb7,
    0xcf, 0xfb, 0x5, 0xff, 0xb0, 0x5f, 0xfb, 0x5,
    0xff, 0xb0, 0x5f, 0xfb, 0x5, 0xff, 0xb0, 0x5f,
    0xfb, 0x5, 0xff, 0xb0, 0x6f, 0xfb, 0x6, 0xff,
    0xb0,

    /* U+0032 "2" */
    0x0, 0x8d, 0xff, 0xd7, 0x0, 0x9, 0xff, 0xff,
    0xff, 0x90, 0x1f, 0xfd, 0x67, 0xff, 0xf0, 0x4f,
    0xf5, 0x0, 0xaf, 0xf2, 0x3a, 0xa2, 0x0, 0xaf,
    0xf2, 0x0, 0x0, 0x5, 0xff, 0xd0, 0x0, 0x4,
    0xbf, 0xff, 0x30, 0x0, 0xaf, 0xff, 0xb2, 0x0,
    0x9, 0xff, 0xc3, 0x0, 0x0, 0xf, 0xff, 0x54,
    0x44, 0x30, 0x2f, 0xff, 0xff, 0xff, 0xd0, 0x2f,
    0xff, 0xff, 0xff, 0xd0,

    /* U+0033 "3" */
    0x1, 0xae, 0xff, 0xd9, 0x20, 0xd, 0xff, 0xff,
    0xff, 0xe0, 0x4f, 0xfa, 0x44, 0xdf, 0xf3, 0x3a,
    0xa1, 0x1, 0xcf, 0xf3, 0x0, 0x2, 0xff, 0xff,
    0xa0, 0x0, 0x2, 0xff, 0xff, 0xb0, 0x0, 0x0,
    0x14, 0xdf, 0xf3, 0x6e, 0xd0, 0x0, 0x7f, 0xf5,
    0x6f, 0xf2, 0x0, 0x8f, 0xf5, 0x3f, 0xfc, 0x46,
    0xef, 0xf2, 0xc, 0xff, 0xff, 0xff, 0x90, 0x1,
    0x9d, 0xfe, 0xc5, 0x0,

    /* U+0034 "4" */
    0x0, 0x0, 0x2f, 0xff, 0xb0, 0x0, 0x0, 0xbf,
    0xff, 0xb0, 0x0, 0x6, 0xff, 0xff, 0xb0, 0x0,
    0x1e, 0xfc, 0xff, 0xb0, 0x0, 0xaf, 0xf4, 0xff,
    0xb0, 0x4, 0xff, 0x91, 0xff, 0xb0, 0xe, 0xfe,
    0x11, 0xff, 0xb0, 0x8f, 0xf9, 0x45, 0xff, 0xd3,
    0xbf, 0xff, 0xff, 0xff, 0xfc, 0xbf, 0xff, 0xff,
    0xff, 0xfc, 0x0, 0x0, 0x2, 0xff, 0xc0, 0x0,
    0x0, 0x2, 0xff, 0xc0,

    /* U+0035 "5" */
    0x8, 0xff, 0xff, 0xff, 0xf0, 0x9, 0xff, 0xff,
    0xff, 0xf0, 0xa, 0xff, 0x64, 0x44, 0x40, 0xb,
    0xff, 0x10, 0x0, 0x0, 0xc, 0xff, 0xbf, 0xe9,
    0x0, 0xd, 0xff, 0xff, 0xff, 0xb0, 0x7, 0x87,
    0x0, 0x9f, 0xf3, 0x9, 0x94, 0x0, 0x4f, 0xf6,
    0xf, 0xf8, 0x0, 0x4f, 0xf6, 0xe, 0xfe, 0x54,
    0xcf, 0xf3, 0x7, 0xff, 0xff, 0xff, 0xb0, 0x0,
    0x7d, 0xff, 0xd8, 0x0,

    /* U+0036 "6" */
    0x0, 0x3a, 0xdf, 0xea, 0x20, 0x5, 0xff, 0xff,
    0xff, 0xe1, 0xe, 0xff, 0x85, 0xaf, 0xf7, 0x3f,
    0xf8, 0x1, 0x27, 0x74, 0x7f, 0xfa, 0xef, 0xfd,
    0x40, 0x8f, 0xff, 0xff, 0xff, 0xf2, 0x9f, 0xfe,
    0x30, 0x6f, 0xf8, 0x8f, 0xf8, 0x0, 0xf, 0xfa,
    0x6f, 0xfa, 0x0, 0x1f, 0xfa, 0x1f, 0xff, 0xa7,
    0xdf, 0xf6, 0x8, 0xff, 0xff, 0xff, 0xc0, 0x0,
    0x6c, 0xef, 0xd8, 0x0,

    /* U+0037 "7" */
    0xaf, 0xff, 0xff, 0xff, 0x9a, 0xff, 0xff, 0xff,
    0xf9, 0x47, 0x77, 0x7d, 0xff, 0x80, 0x0, 0x0,
    0xff, 0xf2, 0x0, 0x0, 0x6f, 0xfd, 0x0, 0x0,
    0xb, 0xff, 0x70, 0x0, 0x1, 0xff, 0xf1, 0x0,
    0x0, 0x7f, 0xfc, 0x0, 0x0, 0xd, 0xff, 0x60,
    0x0, 0x2, 0xff, 0xf1, 0x0, 0x0, 0x8f, 0xfa,
    0x0, 0x0, 0xe, 0xff, 0x50, 0x0,

    /* U+0038 "8" */
    0x0, 0x5c, 0xff, 0xd9, 0x10, 0x0, 0x8f, 0xff,
    0xff, 0xfe, 0x10, 0xf, 0xfe, 0x42, 0x7f, 0xf7,
    0x0, 0xff, 0xc1, 0x4, 0xff, 0x70, 0x6, 0xff,
    0xff, 0xff, 0xd1, 0x0, 0x6f, 0xff, 0xff, 0xfe,
    0x20, 0x1f, 0xfe, 0x30, 0x6f, 0xfb, 0x3, 0xff,
    0x80, 0x0, 0xbf, 0xf0, 0x3f, 0xf9, 0x0, 0xc,
    0xff, 0x0, 0xff, 0xf8, 0x5a, 0xff, 0xc0, 0x8,
    0xff, 0xff, 0xff, 0xf4, 0x0, 0x5, 0xcf, 0xfe,
    0xb3, 0x0,

    /* U+0039 "9" */
    0x0, 0x3b, 0xef, 0xd9, 0x10, 0x0, 0x4f, 0xff,
    0xff, 0xfd, 0x10, 0xd, 0xff, 0xa8, 0xcf, 0xf8,
    0x0, 0xff, 0xa0, 0x0, 0xff, 0xc0, 0xf, 0xfd,
    0x20, 0x5f, 0xff, 0x0, 0xaf, 0xff, 0xff, 0xff,
    0xf0, 0x0, 0x9f, 0xff, 0xed, 0xff, 0x0, 0x33,
    0x22, 0x20, 0xcf, 0xf0, 0xe, 0xfc, 0x0, 0x2f,
    0xfc, 0x0, 0xcf, 0xf8, 0x5d, 0xff, 0x60, 0x4,
    0xff, 0xff, 0xff, 0xc0, 0x0, 0x4, 0xcf, 0xfd,
    0x70, 0x0,

    /* U+003A ":" */
    0xef, 0xf2, 0xef, 0xf2, 0xef, 0xf2, 0x23, 0x30,
    0x0, 0x0, 0x0, 0x0, 0x33, 0x30, 0xef, 0xf2,
    0xef, 0xf2, 0xef, 0xf2,

    /* U+003B ";" */
    0x8f, 0xf8, 0x8f, 0xf8, 0x8f, 0xf8, 0x13, 0x31,
    0x0, 0x0, 0x0, 0x0, 0x25, 0x41, 0x9f, 0xfa,
    0x9f, 0xfb, 0x9f, 0xfb, 0x0, 0xfa, 0x4, 0xf6,
    0x5f, 0xd0, 0x9, 0x10,

    /* U+003C "<" */
    0x0, 0x0, 0x0, 0x0, 0x0, 0x0, 0x0, 0x0,
    0x5, 0xae, 0x0, 0x1, 0x6b, 0xff, 0xff, 0x7,
    0xcf, 0xff, 0xff, 0xe9, 0x2f, 0xff, 0xfe, 0x93,
    0x0, 0x2f, 0xfe, 0x60, 0x0, 0x0, 0x2f, 0xff,
    0xfd, 0x94, 0x0, 0x8, 0xcf, 0xff, 0xff, 0xfa,
    0x0, 0x1, 0x6b, 0xff, 0xff, 0x0, 0x0, 0x0,
    0x5, 0x9e, 0x0, 0x0, 0x0, 0x0, 0x0,

    /* U+003D "=" */
    0xdf, 0xff, 0xff, 0xff, 0xf4, 0xdf, 0xff, 0xff,
    0xff, 0xf4, 0x56, 0x66, 0x66, 0x66, 0x61, 0x0,
    0x0, 0x0, 0x0, 0x0, 0xdf, 0xff, 0xff, 0xff,
    0xf4, 0xdf, 0xff, 0xff, 0xff, 0xf3, 0x46, 0x66,
    0x66, 0x66, 0x61,

    /* U+003E ">" */
    0x0, 0x0, 0x0, 0x0, 0x0, 0x2e, 0x94, 0x0,
    0x0, 0x0, 0x2f, 0xff, 0xea, 0x50, 0x0, 0x1a,
    0xff, 0xff, 0xff, 0xb6, 0x0, 0x4, 0xaf, 0xff,
    0xff, 0x0, 0x0, 0x0, 0x8f, 0xff, 0x0, 0x5,
    0xae, 0xff, 0xff, 0x1b, 0xff, 0xff, 0xff, 0xb7,
    0x2f, 0xff, 0xea, 0x51, 0x0, 0x2d, 0x84, 0x0,
    0x0, 0x0, 0x0, 0x0, 0x0, 0x0, 0x0,

    /* U+003F "?" */
    0x4, 0xcf, 0xfc, 0x60, 0x3, 0xff, 0xff, 0xff,
    0x80, 0xaf, 0xf6, 0x6e, 0xff, 0xd, 0xfb, 0x0,
    0x9f, 0xf3, 0xef, 0x90, 0xb, 0xff, 0x20, 0x0,
    0x5, 0xff, 0xd0, 0x0, 0x6, 0xff, 0xf4, 0x0,
    0x0, 0xff, 0xf3, 0x0, 0x0, 0x3f, 0xfa, 0x0,
    0x0, 0x3, 0xff, 0x80, 0x0, 0x0, 0x0, 0x0,
    0x0, 0x0, 0x5, 0xff, 0x90, 0x0, 0x0, 0x5f,
    0xf9, 0x0, 0x0, 0x5, 0xff, 0x90, 0x0,

    /* U+0040 "@" */
    0x0, 0x0, 0x28, 0xce, 0xfe, 0xb5, 0x0, 0x0,
    0x0, 0x9, 0xff, 0xff, 0xff, 0xff, 0xd2, 0x0,
    0x0, 0x9f, 0xff, 0x84, 0x35, 0xbf, 0xfe, 0x0,
    0x4, 0xff, 0xd1, 0x0, 0x0, 0x8, 0xff, 0x80,
    0xb, 0xff, 0x34, 0xdf, 0xde, 0xf7, 0xef, 0xe0,
    0xf, 0xfc, 0x2f, 0xff, 0xff, 0xf6, 0x9f, 0xf1,
    0x2f, 0xf9, 0x8f, 0xf2, 0x4f, 0xf6, 0x7f, 0xf1,
    0x1f, 0xf9, 0xbf, 0xb0, 0xf, 0xf6, 0x8f, 0xf0,
    0xf, 0xfb, 0xaf, 0xe1, 0x6f, 0xf6, 0xdf, 0xc0,
    0xb, 0xff, 0x7f, 0xff, 0xff, 0xff, 0xff, 0x50,
    0x5, 0xff, 0xb8, 0xef, 0xd7, 0xbf, 0xd6, 0x0,
    0x0, 0xbf, 0xfe, 0x86, 0x56, 0x8a, 0xa5, 0x0,
    0x0, 0xb, 0xff, 0xff, 0xff, 0xff, 0xc1, 0x0,
    0x0, 0x0, 0x4a, 0xdf, 0xfe, 0xb5, 0x0, 0x0,

    /* U+0041 "A" */
    0x0, 0x1, 0xff, 0xff, 0x40, 0x0, 0x0, 0x0,
    0x7f, 0xff, 0xf9, 0x0, 0x0, 0x0, 0xc, 0xff,
    0xcf, 0xe0, 0x0, 0x0, 0x1, 0xff, 0xb7, 0xff,
    0x40, 0x0, 0x0, 0x7f, 0xf7, 0x3f, 0xfa, 0x0,
    0x0, 0xc, 0xff, 0x20, 0xef, 0xf0, 0x0, 0x1,
    0xff, 0xff, 0xff, 0xff, 0x50, 0x0, 0x6f, 0xff,
    0xff, 0xff, 0xfa, 0x0, 0xc, 0xff, 0x96, 0x66,
    0xff, 0xf0, 0x1, 0xff, 0xf2, 0x0, 0xd, 0xff,
    0x50, 0x6f, 0xfe, 0x0, 0x0, 0x9f, 0xfb, 0xb,
    0xff, 0xa0, 0x0, 0x5, 0xff, 0xf1,

    /* U+0042 "B" */
    0x8f, 0xff, 0xff, 0xfd, 0x80, 0x8, 0xff, 0xff,
    0xff, 0xff, 0x80, 0x8f, 0xf9, 0x0, 0x5f, 0xfc,
    0x8, 0xff, 0x90, 0x1, 0xff, 0xd0, 0x8f, 0xfa,
    0x44, 0xaf, 0xf8, 0x8, 0xff, 0xff, 0xff, 0xfc,
    0x0, 0x8f, 0xff, 0xff, 0xff, 0xfc, 0x18, 0xff,
    0x90, 0x1, 0xbf, 0xf7, 0x8f, 0xf9, 0x0, 0x7,
    0xff, 0xa8, 0xff, 0xb6, 0x68, 0xef, 0xf9, 0x8f,
    0xff, 0xff, 0xff, 0xff, 0x38, 0xff, 0xff, 0xff,
    0xea, 0x30,

    /* U+0043 "C" */
    0x0, 0x3, 0xae, 0xfe, 0xa3, 0x0, 0x0, 0x8f,
    0xff, 0xff, 0xff, 0x60, 0x5, 0xff, 0xfb, 0x7a,
    0xff, 0xf2, 0xd, 0xff, 0x80, 0x0, 0x9f, 0xf7,
    0x1f, 0xff, 0x0, 0x0, 0x28, 0x84, 0x3f, 0xfd,
    0x0, 0x0, 0x0, 0x0, 0x3f, 0xfd, 0x0, 0x0,
    0x0, 0x0, 0x2f, 0xff, 0x0, 0x0, 0x3a, 0xa5,
    0xe, 0xff, 0x80, 0x0, 0x9f, 0xf7, 0x8, 0xff,
    0xfb, 0x7a, 0xff, 0xf2, 0x0, 0xcf, 0xff, 0xff,
    0xff, 0x90, 0x0, 0x6, 0xce, 0xff, 0xc6, 0x0,

    /* U+0044 "D" */
    0x8f, 0xff, 0xff, 0xec, 0x70, 0x8, 0xff, 0xff,
    0xff, 0xff, 0xb0, 0x8f, 0xfb, 0x66, 0xaf, 0xff,
    0x38, 0xff, 0x90, 0x0, 0xbf, 0xf8, 0x8f, 0xf9,
    0x0, 0x7, 0xff, 0xa8, 0xff, 0x90, 0x0, 0x6f,
    0xfb, 0x8f, 0xf9, 0x0, 0x6, 0xff, 0xb8, 0xff,
    0x90, 0x0, 0x8f, 0xfa, 0x8f, 0xf9, 0x0, 0xd,
    0xff, 0x68, 0xff, 0xc7, 0x7c, 0xff, 0xf1, 0x8f,
    0xff, 0xff, 0xff, 0xf6, 0x8, 0xff, 0xff, 0xfe,
    0xa3, 0x0,

    /* U+0045 "E" */
    0x8f, 0xff, 0xff, 0xff, 0xf9, 0x8f, 0xff, 0xff,
    0xff, 0xf9, 0x8f, 0xfc, 0x66, 0x66, 0x63, 0x8f,
    0xf9, 0x0, 0x0, 0x0, 0x8f, 0xfc, 0x66, 0x66,
    0x60, 0x8f, 0xff, 0xff, 0xff, 0xf0, 0x8f, 0xff,
    0xff, 0xff, 0xf0, 0x8f, 0xf9, 0x0, 0x0, 0x0,
    0x8f, 0xf9, 0x0, 0x0, 0x0, 0x8f, 0xfc, 0x66,
    0x66, 0x63, 0x8f, 0xff, 0xff, 0xff, 0xf9, 0x8f,
    0xff, 0xff, 0xff, 0xf9,

    /* U+0046 "F" */
    0x8f, 0xff, 0xff, 0xff, 0xf9, 0x8f, 0xff, 0xff,
    0xff, 0xf9, 0x8f, 0xfc, 0x66, 0x66, 0x63, 0x8f,
    0xf9, 0x0, 0x0, 0x0, 0x8f, 0xfc, 0x66, 0x66,
    0x62, 0x8f, 0xff, 0xff, 0xff, 0xf5, 0x8f, 0xff,
    0xff, 0xff, 0xf5, 0x8f, 0xf9, 0x0, 0x0, 0x0,
    0x8f, 0xf9, 0x0, 0x0, 0x0, 0x8f, 0xf9, 0x0,
    0x0, 0x0, 0x8f, 0xf9, 0x0, 0x0, 0x0, 0x8f,
    0xf9, 0x0, 0x0, 0x0,

    /* U+0047 "G" */
    0x0, 0x3, 0xae, 0xff, 0xc8, 0x10, 0x0, 0x7,
    0xff, 0xff, 0xff, 0xfe, 0x30, 0x4, 0xff, 0xfd,
    0x87, 0xdf, 0xfd, 0x0, 0xbf, 0xfb, 0x0, 0x0,
    0xaa, 0xa1, 0xe, 0xff, 0x40, 0x5, 0x66, 0x66,
    0x10, 0xff, 0xf2, 0x0, 0xef, 0xff, 0xf4, 0xf,
    0xff, 0x20, 0xe, 0xff, 0xff, 0x30, 0xef, 0xf5,
    0x0, 0x0, 0xef, 0xf3, 0xb, 0xff, 0xd0, 0x0,
    0x2f, 0xff, 0x10, 0x4f, 0xff, 0xd8, 0x9e, 0xff,
    0xc0, 0x0, 0x8f, 0xff, 0xff, 0xff, 0xf3, 0x0,
    0x0, 0x3a, 0xef, 0xfd, 0x92, 0x0,

    /* U+0048 "H" */
    0xef, 0xf2, 0x0, 0xc, 0xff, 0x5e, 0xff, 0x20,
    0x0, 0xcf, 0xf5, 0xef, 0xf2, 0x0, 0xc, 0xff,
    0x5e, 0xff, 0x20, 0x0, 0xcf, 0xf5, 0xef, 0xff,
    0xff, 0xff, 0xff, 0x5e, 0xff, 0xff, 0xff, 0xff,
    0xf5, 0xef, 0xf8, 0x66, 0x6d, 0xff, 0x5e, 0xff,
    0x20, 0x0, 0xcf, 0xf5, 0xef, 0xf2, 0x0, 0xc,
    0xff, 0x5e, 0xff, 0x20, 0x0, 0xcf, 0xf5, 0xef,
    0xf2, 0x0, 0xc, 0xff, 0x5e, 0xff, 0x20, 0x0,
    0xcf, 0xf5,

    /* U+0049 "I" */
    0xdf, 0xf4, 0xdf, 0xf4, 0xdf, 0xf4, 0xdf, 0xf4,
    0xdf, 0xf4, 0xdf, 0xf4, 0xdf, 0xf4, 0xdf, 0xf4,
    0xdf, 0xf4, 0xdf, 0xf4, 0xdf, 0xf4, 0xdf, 0xf4,

    /* U+004A "J" */
    0x0, 0xd, 0xff, 0x30, 0x0, 0xdf, 0xf3, 0x0,
    0xd, 0xff, 0x30, 0x0, 0xdf, 0xf3, 0x0, 0xd,
    0xff, 0x30, 0x0, 0xdf, 0xf3, 0x0, 0xd, 0xff,
    0x30, 0x0, 0xdf, 0xf3, 0x0, 0xf, 0xff, 0x3b,
    0xad, 0xff, 0xf1, 0xef, 0xff, 0xfb, 0xa, 0xef,
    0xe9, 0x10,

    /* U+004B "K" */
    0x8f, 0xf9, 0x0, 0x6f, 0xff, 0x28, 0xff, 0x90,
    0x3f, 0xff, 0x50, 0x8f, 0xf9, 0x1d, 0xff, 0x90,
    0x8, 0xff, 0x9b, 0xff, 0xc0, 0x0, 0x8f, 0xfe,
    0xff, 0xe1, 0x0, 0x8, 0xff, 0xff, 0xf6, 0x0,
    0x0, 0x8f, 0xff, 0xff, 0xc0, 0x0, 0x8, 0xff,
    0xbf, 0xff, 0x70, 0x0, 0x8f, 0xf9, 0x5f, 0xff,
    0x20, 0x8, 0xff, 0x90, 0xaf, 0xfd, 0x0, 0x8f,
    0xf9, 0x1, 0xef, 0xf8, 0x8, 0xff, 0x90, 0x4,
    0xff, 0xf3,

    /* U+004C "L" */
    0x8f, 0xf9, 0x0, 0x0, 0x8, 0xff, 0x90, 0x0,
    0x0, 0x8f, 0xf9, 0x0, 0x0, 0x8, 0xff, 0x90,
    0x0, 0x0, 0x8f, 0xf9, 0x0, 0x0, 0x8, 0xff,
    0x90, 0x0, 0x0, 0x8f, 0xf9, 0x0, 0x0, 0x8,
    0xff, 0x90, 0x0, 0x0, 0x8f, 0xf9, 0x0, 0x0,
    0x8, 0xff, 0xc6, 0x66, 0x66, 0x8f, 0xff, 0xff,
    0xff, 0xf8, 0xff, 0xff, 0xff, 0xff,

    /* U+004D "M" */
    0x8f, 0xff, 0x80, 0x0, 0xd, 0xff, 0xf7, 0x8f,
    0xff, 0xe0, 0x0, 0x3f, 0xff, 0xf7, 0x8f, 0xff,
    0xf5, 0x0, 0x9f, 0xff, 0xf7, 0x8f, 0xff, 0xfc,
    0x0, 0xff, 0xff, 0xf7, 0x8f, 0xfe, 0xff, 0x25,
    0xff, 0xbf, 0xf7, 0x8f, 0xf8, 0xff, 0x9b, 0xff,
    0x7f, 0xf7, 0x8f, 0xf5, 0xef, 0xff, 0xfb, 0x7f,
    0xf7, 0x8f, 0xf6, 0x8f, 0xff, 0xf6, 0x7f, 0xf7,
    0x8f, 0xf6, 0x2f, 0xff, 0xf1, 0x8f, 0xf7, 0x8f,
    0xf7, 0xd, 0xff, 0xd0, 0x8f, 0xf7, 0x8f, 0xf7,
    0x2, 0x44, 0x20, 0x8f, 0xf7, 0x8f, 0xf8, 0x0,
    0x0, 0x0, 0x8f, 0xf7,

    /* U+004E "N" */
    0x8f, 0xff, 0x40, 0x0, 0xdf, 0xf4, 0x8f, 0xff,
    0xd0, 0x0, 0xdf, 0xf4, 0x8f, 0xff, 0xf6, 0x0,
    0xdf, 0xf4, 0x8f, 0xff, 0xfe, 0x10, 0xdf, 0xf4,
    0x8f, 0xff, 0xff, 0x80, 0xdf, 0xf4, 0x8f, 0xf9,
    0xef, 0xf2, 0xdf, 0xf4, 0x8f, 0xf9, 0x6f, 0xfa,
    0xdf, 0xf4, 0x8f, 0xf9, 0xd, 0xff, 0xff, 0xf4,
    0x8f, 0xf9, 0x4, 0xff, 0xff, 0xf4, 0x8f, 0xf9,
    0x0, 0xbf, 0xff, 0xf4, 0x8f, 0xf9, 0x0, 0x2f,
    0xff, 0xf4, 0x8f, 0xf9, 0x0, 0x9, 0xff, 0xf4,

    /* U+004F "O" */
    0x0, 0x6, 0xce, 0xfe, 0xb5, 0x0, 0x0, 0xbf,
    0xff, 0xff, 0xff, 0x70, 0x6, 0xff, 0xf9, 0x6b,
    0xff, 0xf2, 0xc, 0xff, 0x70, 0x0, 0xbf, 0xf7,
    0xf, 0xff, 0x0, 0x0, 0x5f, 0xfa, 0x1f, 0xfe,
    0x0, 0x0, 0x3f, 0xfb, 0x1f, 0xff, 0x0, 0x0,
    0x4f, 0xfb, 0xf, 0xff, 0x10, 0x0, 0x6f, 0xfa,
    0xc, 0xff, 0x70, 0x0, 0xcf, 0xf7, 0x6, 0xff,
    0xf9, 0x7c, 0xff, 0xf2, 0x0, 0xcf, 0xff, 0xff,
    0xff, 0x70, 0x0, 0x7, 0xcf, 0xfe, 0xb4, 0x0,

    /* U+0050 "P" */
    0x8f, 0xff, 0xff, 0xfc, 0x70, 0x8, 0xff, 0xff,
    0xff, 0xff, 0xc0, 0x8f, 0xfb, 0x66, 0x9f, 0xff,
    0x68, 0xff, 0x90, 0x0, 0xbf, 0xf9, 0x8f, 0xf9,
    0x0, 0x9, 0xff, 0x98, 0xff, 0x90, 0x2, 0xef,
    0xf7, 0x8f, 0xff, 0xff, 0xff, 0xff, 0x28, 0xff,
    0xff, 0xff, 0xfe, 0x40, 0x8f, 0xfc, 0x76, 0x53,
    0x0, 0x8, 0xff, 0x90, 0x0, 0x0, 0x0, 0x8f,
    0xf9, 0x0, 0x0, 0x0, 0x8, 0xff, 0x90, 0x0,
    0x0, 0x0,

    /* U+0051 "Q" */
    0x0, 0x7, 0xcf, 0xfe, 0xb3, 0x0, 0x0, 0x1d,
    0xff, 0xff, 0xff, 0xf5, 0x0, 0x9, 0xff, 0xfb,
    0xaf, 0xff, 0xe0, 0x0, 0xef, 0xf7, 0x0, 0x2f,
    0xff, 0x40, 0x2f, 0xff, 0x0, 0x0, 0xbf, 0xf7,
    0x3, 0xff, 0xd0, 0x0, 0x8, 0xff, 0x90, 0x3f,
    0xfe, 0x0, 0x0, 0x9f, 0xf8, 0x2, 0xff, 0xf0,
    0x0, 0xb, 0xff, 0x70, 0xf, 0xff, 0x80, 0x3,
    0xff, 0xf4, 0x0, 0x9f, 0xff, 0xba, 0xff, 0xfe,
    0x0, 0x1, 0xdf, 0xff, 0xff, 0xff, 0x40, 0x0,
    0x1, 0x8d, 0xff, 0xff, 0xf4, 0x0, 0x0, 0x0,
    0x0, 0x6, 0xff, 0xf2, 0x0, 0x0, 0x0, 0x0,
    0xa, 0xff, 0xe1,

    /* U+0052 "R" */
    0x8f, 0xff, 0xff, 0xff, 0xc4, 0x8, 0xff, 0xff,
    0xff, 0xff, 0xf3, 0x8f, 0xfa, 0x22, 0x4c, 0xff,
    0x88, 0xff, 0x90, 0x0, 0x6f, 0xfa, 0x8f, 0xfb,
    0x44, 0x5d, 0xff, 0x98, 0xff, 0xff, 0xff, 0xff,
    0xf3, 0x8f, 0xff, 0xff, 0xff, 0xc4, 0x8, 0xff,
    0x90, 0xdf, 0xf6, 0x0, 0x8f, 0xf9, 0x5, 0xff,
    0xe0, 0x8, 0xff, 0x90, 0xe, 0xff, 0x80, 0x8f,
    0xf9, 0x0, 0x7f, 0xff, 0x18, 0xff, 0x90, 0x0,
    0xff, 0xf9,

    /* U+0053 "S" */
    0x0, 0x18, 0xdf, 0xfd, 0x92, 0x0, 0x2, 0xef,
    0xff, 0xff, 0xff, 0x40, 0xa, 0xff, 0xe7, 0x6a,
    0xff, 0xd0, 0xe, 0xff, 0x40, 0x0, 0xbd, 0xd0,
    0xc, 0xff, 0xc6, 0x30, 0x0, 0x0, 0x3, 0xff,
    0xff, 0xff, 0xb5, 0x0, 0x0, 0x17, 0xbe, 0xff,
    0xff, 0xb0, 0x17, 0x73, 0x0, 0x17, 0xff, 0xf6,
    0x2f, 0xfc, 0x0, 0x0, 0xcf, 0xf8, 0xe, 0xff,
    0xc8, 0x7b, 0xff, 0xf6, 0x4, 0xff, 0xff, 0xff,
    0xff, 0xc0, 0x0, 0x18, 0xcf, 0xfe, 0xb6, 0x0,

    /* U+0054 "T" */
    0x8f, 0xff, 0xff, 0xff, 0xfe, 0x8f, 0xff, 0xff,
    0xff, 0xfe, 0x36, 0x6b, 0xff, 0xc6, 0x66, 0x0,
    0x8, 0xff, 0xa0, 0x0, 0x0, 0x8, 0xff, 0xa0,
    0x0, 0x0, 0x8, 0xff, 0xa0, 0x0, 0x0, 0x8,
    0xff, 0xa0, 0x0, 0x0, 0x8, 0xff, 0xa0, 0x0,
    0x0, 0x8, 0xff, 0xa0, 0x0, 0x0, 0x8, 0xff,
    0xa0, 0x0, 0x0, 0x8, 0xff, 0xa0, 0x0, 0x0,
    0x8, 0xff, 0xa0, 0x0,

    /* U+0055 "U" */
    0xef, 0xf4, 0x0, 0xa, 0xff, 0x8e, 0xff, 0x40,
    0x0, 0xaf, 0xf8, 0xef, 0xf4, 0x0, 0xa, 0xff,
    0x8e, 0xff, 0x40, 0x0, 0xaf, 0xf8, 0xef, 0xf4,
    0x0, 0xa, 0xff, 0x8e, 0xff, 0x40, 0x0, 0xaf,
    0xf8, 0xef, 0xf4, 0x0, 0xa, 0xff, 0x8e, 0xff,
    0x40, 0x0, 0xaf, 0xf7, 0xcf, 0xf8, 0x0, 0xe,
    0xff, 0x68, 0xff, 0xfa, 0x8c, 0xff, 0xf3, 0x1e,
    0xff, 0xff, 0xff, 0xfb, 0x0, 0x18, 0xde, 0xfe,
    0xc8, 0x0,

    /* U+0056 "V" */
    0xcf, 0xfa, 0x0, 0x1, 0xff, 0xf5, 0x7f, 0xfe,
    0x0, 0x5, 0xff, 0xf1, 0x2f, 0xff, 0x30, 0x9,
    0xff, 0xb0, 0xd, 0xff, 0x70, 0xe, 0xff, 0x60,
    0x8, 0xff, 0xb0, 0x2f, 0xff, 0x10, 0x4, 0xff,
    0xf0, 0x6f, 0xfc, 0x0, 0x0, 0xef, 0xf4, 0xbf,
    0xf7, 0x0, 0x0, 0xaf, 0xf9, 0xff, 0xf2, 0x0,
    0x0, 0x5f, 0xff, 0xff, 0xd0, 0x0, 0x0, 0x1f,
    0xff, 0xff, 0x80, 0x0, 0x0, 0xc, 0xff, 0xff,
    0x30, 0x0, 0x0, 0x7, 0xff, 0xfe, 0x0, 0x0,

    /* U+0057 "W" */
    0xcf, 0xf9, 0x0, 0x4f, 0xff, 0x30, 0xd, 0xff,
    0xa7, 0xff, 0xd0, 0x7, 0xff, 0xf6, 0x0, 0xff,
    0xf5, 0x2f, 0xff, 0x20, 0xbf, 0xff, 0xa0, 0x4f,
    0xff, 0x10, 0xef, 0xf6, 0xe, 0xff, 0xfd, 0x7,
    0xff, 0xc0, 0x9, 0xff, 0xa2, 0xff, 0xff, 0xf0,
    0xbf, 0xf7, 0x0, 0x4f, 0xfe, 0x5f, 0xff, 0xff,
    0x4e, 0xff, 0x30, 0x0, 0xff, 0xfc, 0xff, 0xaf,
    0xfa, 0xff, 0xe0, 0x0, 0xb, 0xff, 0xff, 0xf2,
    0xff, 0xff, 0xf9, 0x0, 0x0, 0x6f, 0xff, 0xfd,
    0xd, 0xff, 0xff, 0x50, 0x0, 0x1, 0xff, 0xff,
    0x90, 0x9f, 0xff, 0xf0, 0x0, 0x0, 0xd, 0xff,
    0xf5, 0x4, 0xff, 0xfb, 0x0, 0x0, 0x0, 0x8f,
    0xff, 0x10, 0xf, 0xff, 0x70, 0x0,

    /* U+0058 "X" */
    0x1e, 0xff, 0xc0, 0x0, 0x4f, 0xff, 0x80, 0x5f,
    0xff, 0x70, 0xe, 0xff, 0xd0, 0x0, 0xaf, 0xff,
    0x39, 0xff, 0xf3, 0x0, 0x1, 0xef, 0xfe, 0xff,
    0xf8, 0x0, 0x0, 0x5, 0xff, 0xff, 0xfd, 0x0,
    0x0, 0x0, 0xa, 0xff, 0xff, 0x30, 0x0, 0x0,
    0x0, 0xcf, 0xff, 0xf4, 0x0, 0x0, 0x0, 0x7f,
    0xff, 0xff, 0xe0, 0x0, 0x0, 0x1f, 0xff, 0xcf,
    0xff, 0xa0, 0x0, 0xa, 0xff, 0xf1, 0x8f, 0xff,
    0x40, 0x4, 0xff, 0xf7, 0x0, 0xdf, 0xfe, 0x10,
    0xdf, 0xfd, 0x0, 0x3, 0xff, 0xfa,

    /* U+0059 "Y" */
    0x3f, 0xff, 0x60, 0x1, 0xff, 0xf7, 0xa, 0xff,
    0xd0, 0x8, 0xff, 0xe0, 0x2, 0xff, 0xf4, 0x1f,
    0xff, 0x60, 0x0, 0x9f, 0xfa, 0x8f, 0xfd, 0x0,
    0x0, 0x1f, 0xff, 0xff, 0xf4, 0x0, 0x0, 0x8,
    0xff, 0xff, 0xb0, 0x0, 0x0, 0x1, 0xef, 0xff,
    0x30, 0x0, 0x0, 0x0, 0x8f, 0xfb, 0x0, 0x0,
    0x0, 0x0, 0x8f, 0xfa, 0x0, 0x0, 0x0, 0x0,
    0x8f, 0xfa, 0x0, 0x0, 0x0, 0x0, 0x8f, 0xfa,
    0x0, 0x0, 0x0, 0x0, 0x8f, 0xfa, 0x0, 0x0,

    /* U+005A "Z" */
    0xf, 0xff, 0xff, 0xff, 0xff, 0xd0, 0xff, 0xff,
    0xff, 0xff, 0xfd, 0x6, 0x66, 0x66, 0xcf, 0xff,
    0xa0, 0x0, 0x0, 0x4f, 0xff, 0xd0, 0x0, 0x0,
    0x2e, 0xff, 0xe2, 0x0, 0x0, 0x1d, 0xff, 0xf3,
    0x0, 0x0, 0xc, 0xff, 0xf5, 0x0, 0x0, 0xa,
    0xff, 0xf8, 0x0, 0x0, 0x7, 0xff, 0xfa, 0x0,
    0x0, 0x4, 0xff, 0xff, 0x76, 0x66, 0x64, 0x6f,
    0xff, 0xff, 0xff, 0xff, 0xa6, 0xff, 0xff, 0xff,
    0xff, 0xfa,

    /* U+005B "[" */
    0xcf, 0xff, 0xbc, 0xff, 0xfb, 0xcf, 0xf9, 0x3c,
    0xff, 0x50, 0xcf, 0xf5, 0xc, 0xff, 0x50, 0xcf,
    0xf5, 0xc, 0xff, 0x50, 0xcf, 0xf5, 0xc, 0xff,
    0x50, 0xcf, 0xf5, 0xc, 0xff, 0x50, 0xcf, 0xf5,
    0xc, 0xff, 0xa4, 0xcf, 0xff, 0xbc, 0xff, 0xfb,

    /* U+005C "\\" */
    0x3f, 0xff, 0x20, 0x0, 0x0, 0xef, 0xf8, 0x0,
    0x0, 0x8, 0xff, 0xd0, 0x0, 0x0, 0x3f, 0xff,
    0x30, 0x0, 0x0, 0xdf, 0xf8, 0x0, 0x0, 0x8,
    0xff, 0xd0, 0x0, 0x0, 0x3f, 0xff, 0x30, 0x0,
    0x0, 0xdf, 0xf8, 0x0, 0x0, 0x8, 0xff, 0xe0,
    0x0, 0x0, 0x2f, 0xff, 0x30, 0x0, 0x0, 0xdf,
    0xf8, 0x0, 0x0, 0x8, 0xff, 0xe0, 0x0, 0x0,
    0x2f, 0xff, 0x30,

    /* U+005D "]" */
    0x9f, 0xff, 0xda, 0xff, 0xfd, 0x27, 0xff, 0xd0,
    0x4f, 0xfd, 0x4, 0xff, 0xd0, 0x4f, 0xfd, 0x4,
    0xff, 0xd0, 0x4f, 0xfd, 0x4, 0xff, 0xd0, 0x4f,
    0xfd, 0x4, 0xff, 0xd0, 0x4f, 0xfd, 0x4, 0xff,
    0xd4, 0x9f, 0xfd, 0x9f, 0xff, 0xd9, 0xff, 0xfd,

    /* U+005E "^" */
    0x0, 0x8, 0xcc, 0xc6, 0x0, 0x0, 0x2, 0xff,
    0xff, 0xe0, 0x0, 0x0, 0xaf, 0xff, 0xff, 0x70,
    0x0, 0x2f, 0xff, 0x3f, 0xfe, 0x0, 0xb, 0xff,
    0x80, 0x9f, 0xf7, 0x3, 0xff, 0xe0, 0x2, 0xff,
    0xf1,

    /* U+005F "_" */
    0x37, 0x77, 0x77, 0x77, 0x49, 0xff, 0xff, 0xff,
    0xfa, 0x9f, 0xff, 0xff, 0xff, 0xa0,

    /* U+0060 "`" */
    0x22, 0x20, 0xcf, 0xf3, 0x6f, 0xf7, 0xe, 0xfa,

    /* U+0061 "a" */
    0x0, 0x6d, 0xfd, 0x5f, 0xfe, 0x6, 0xff, 0xff,
    0xff, 0xfe, 0xe, 0xff, 0xb8, 0xdf, 0xfe, 0x2f,
    0xfe, 0x0, 0x3f, 0xfe, 0x4f, 0xfb, 0x0, 0xf,
    0xfe, 0x2f, 0xfd, 0x0, 0x3f, 0xfe, 0xe, 0xff,
    0x95, 0xcf, 0xfe, 0x7, 0xff, 0xff, 0xff, 0xfe,
    0x0, 0x7e, 0xfd, 0x8f, 0xfe,

    /* U+0062 "b" */
    0xef, 0xf2, 0x0, 0x0, 0x0, 0xef, 0xf2, 0x0,
    0x0, 0x0, 0xef, 0xf2, 0x0, 0x0, 0x0, 0xef,
    0xf2, 0x0, 0x0, 0x0, 0xef, 0xf6, 0xcf, 0xe7,
    0x0, 0xef, 0xff, 0xff, 0xff, 0x80, 0xef, 0xfe,
    0x8a, 0xff, 0xf1, 0xef, 0xf5, 0x0, 0xcf, 0xf4,
    0xef, 0xf2, 0x0, 0xaf, 0xf5, 0xef, 0xf4, 0x0,
    0xcf, 0xf4, 0xef, 0xfd, 0x69, 0xff, 0xf1, 0xef,
    0xff, 0xff, 0xff, 0x90, 0xef, 0xf6, 0xcf, 0xe8,
    0x0,

    /* U+0063 "c" */
    0x0, 0x3a, 0xef, 0xd6, 0x0, 0x4, 0xff, 0xff,
    0xff, 0x80, 0xd, 0xff, 0xc9, 0xef, 0xf1, 0x2f,
    0xfe, 0x0, 0x58, 0x81, 0x4f, 0xfb, 0x0, 0x0,
    0x0, 0x3f, 0xfe, 0x0, 0x4a, 0xa1, 0xf, 0xff,
    0xc8, 0xef, 0xf0, 0x7, 0xff, 0xff, 0xff, 0x90,
    0x0, 0x5c, 0xff, 0xe9, 0x0,

    /* U+0064 "d" */
    0x0, 0x0, 0x0, 0x1f, 0xff, 0x0, 0x0, 0x0,
    0x1f, 0xff, 0x0, 0x0, 0x0, 0x1f, 0xff, 0x0,
    0x0, 0x0, 0x1f, 0xff, 0x0, 0x6d, 0xfc, 0x5f,
    0xff, 0x6, 0xff, 0xff, 0xff, 0xff, 0xe, 0xff,
    0xb8, 0xdf, 0xff, 0x2f, 0xfe, 0x0, 0x3f, 0xff,
    0x4f, 0xfb, 0x0, 0x1f, 0xff, 0x2f, 0xfd, 0x0,
    0x3f, 0xff, 0xe, 0xff, 0xa6, 0xdf, 0xff, 0x7,
    0xff, 0xff, 0xff, 0xff, 0x0, 0x7e, 0xfd, 0x7f,
    0xff,

    /* U+0065 "e" */
    0x0, 0x3a, 0xef, 0xd7, 0x0, 0x4, 0xff, 0xff,
    0xff, 0xa0, 0xe, 0xff, 0x74, 0xaf, 0xf3, 0x3f,
    0xff, 0xff, 0xff, 0xf7, 0x4f, 0xff, 0xff, 0xff,
    0xf8, 0x2f, 0xfb, 0x0, 0x18, 0x83, 0xe, 0xff,
    0x85, 0xaf, 0xf4, 0x6, 0xff, 0xff, 0xff, 0xc0,
    0x0, 0x4b, 0xef, 0xe9, 0x10,

    /* U+0066 "f" */
    0x0, 0x6d, 0xfd, 0x20, 0x5f, 0xff, 0xf3, 0xa,
    0xff, 0xeb, 0x20, 0xbf, 0xf6, 0x0, 0xef, 0xff,
    0xff, 0x4e, 0xff, 0xff, 0xf4, 0x6d, 0xff, 0xa6,
    0x10, 0xbf, 0xf5, 0x0, 0xb, 0xff, 0x50, 0x0,
    0xbf, 0xf5, 0x0, 0xb, 0xff, 0x50, 0x0, 0xbf,
    0xf5, 0x0, 0xb, 0xff, 0x50, 0x0,

    /* U+0067 "g" */
    0x1, 0xaf, 0xe9, 0x9f, 0xf7, 0xd, 0xff, 0xff,
    0xff, 0xf7, 0x6f, 0xff, 0x9a, 0xff, 0xf7, 0xaf,
    0xf7, 0x0, 0xaf, 0xf7, 0xbf, 0xf4, 0x0, 0x8f,
    0xf7, 0x9f, 0xf6, 0x0, 0xaf, 0xf7, 0x6f, 0xfe,
    0x68, 0xff, 0xf7, 0xe, 0xff, 0xff, 0xff, 0xf7,
    0x2, 0xbf, 0xeb, 0xaf, 0xf7, 0x3b, 0xb2, 0x0,
    0x9f, 0xf6, 0x2f, 0xfc, 0x79, 0xff, 0xf3, 0xa,
    0xff, 0xff, 0xff, 0xa0, 0x0, 0x6c, 0xef, 0xd7,
    0x0,

    /* U+0068 "h" */
    0xef, 0xf2, 0x0, 0x0, 0xe, 0xff, 0x20, 0x0,
    0x0, 0xef, 0xf2, 0x0, 0x0, 0xe, 0xff, 0x20,
    0x0, 0x0, 0xef, 0xf4, 0xaf, 0xe7, 0xe, 0xff,
    0xef, 0xff, 0xf5, 0xef, 0xfd, 0x8e, 0xff, 0x9e,
    0xff, 0x20, 0x6f, 0xfb, 0xef, 0xf2, 0x5, 0xff,
    0xbe, 0xff, 0x20, 0x5f, 0xfb, 0xef, 0xf2, 0x5,
    0xff, 0xbe, 0xff, 0x20, 0x5f, 0xfb, 0xef, 0xf2,
    0x5, 0xff, 0xb0,

    /* U+0069 "i" */
    0x5e, 0xc1, 0xdf, 0xf7, 0x9f, 0xf3, 0x4, 0x20,
    0xaf, 0xf6, 0xaf, 0xf6, 0xaf, 0xf6, 0xaf, 0xf6,
    0xaf, 0xf6, 0xaf, 0xf6, 0xaf, 0xf6, 0xaf, 0xf6,
    0xaf, 0xf6,

    /* U+006A "j" */
    0x0, 0x7f, 0xb0, 0x0, 0xef, 0xf3, 0x0, 0x8f,
    0xc0, 0x0, 0xef, 0xf3, 0x0, 0xef, 0xf3, 0x0,
    0xef, 0xf3, 0x0, 0xef, 0xf3, 0x0, 0xef, 0xf3,
    0x0, 0xef, 0xf3, 0x0, 0xef, 0xf3, 0x0, 0xef,
    0xf3, 0x0, 0xef, 0xf3, 0x0, 0xff, 0xf2, 0x8d,
    0xff, 0xf1, 0xbf, 0xff, 0xb0, 0x9f, 0xea, 0x10,

    /* U+006B "k" */
    0xef, 0xf2, 0x0, 0x0, 0x0, 0xef, 0xf2, 0x0,
    0x0, 0x0, 0xef, 0xf2, 0x0, 0x0, 0x0, 0xef,
    0xf2, 0x0, 0x0, 0x0, 0xef, 0xf2, 0x1d, 0xff,
    0x80, 0xef, 0xf3, 0xcf, 0xfa, 0x0, 0xef, 0xfc,
    0xff, 0xc0, 0x0, 0xef, 0xff, 0xfd, 0x10, 0x0,
    0xef, 0xff, 0xfc, 0x0, 0x0, 0xef, 0xff, 0xff,
    0x80, 0x0, 0xef, 0xf5, 0xff, 0xf4, 0x0, 0xef,
    0xf2, 0x6f, 0xff, 0x20, 0xef, 0xf2, 0xa, 0xff,
    0xc0,

    /* U+006C "l" */
    0xff, 0xf3, 0xff, 0xf3, 0xff, 0xf3, 0xff, 0xf3,
    0xff, 0xf3, 0xff, 0xf3, 0xff, 0xf3, 0xff, 0xf3,
    0xff, 0xf3, 0xff, 0xf3, 0xff, 0xf3, 0xff, 0xf3,
    0xff, 0xf3,

    /* U+006D "m" */
    0xef, 0xf4, 0xaf, 0xe7, 0x9, 0xee, 0xa1, 0xef,
    0xff, 0xff, 0xff, 0xdf, 0xff, 0xf8, 0xef, 0xfa,
    0x7e, 0xff, 0xd7, 0xcf, 0xfc, 0xef, 0xf2, 0x9,
    0xff, 0x80, 0x4f, 0xfc, 0xef, 0xf2, 0x9, 0xff,
    0x80, 0x4f, 0xfd, 0xef, 0xf2, 0x9, 0xff, 0x80,
    0x4f, 0xfd, 0xef, 0xf2, 0x9, 0xff, 0x80, 0x4f,
    0xfd, 0xef, 0xf2, 0x9, 0xff, 0x80, 0x4f, 0xfd,
    0xef, 0xf2, 0x9, 0xff, 0x80, 0x4f, 0xfd,

    /* U+006E "n" */
    0xef, 0xf2, 0x9f, 0xd7, 0xe, 0xff, 0xcf, 0xff,
    0xf5, 0xef, 0xfb, 0x5d, 0xff, 0x9e, 0xff, 0x20,
    0x6f, 0xfa, 0xef, 0xf2, 0x6, 0xff, 0xbe, 0xff,
    0x20, 0x6f, 0xfb, 0xef, 0xf2, 0x6, 0xff, 0xbe,
    0xff, 0x20, 0x6f, 0xfb, 0xef, 0xf2, 0x6, 0xff,
    0xb0,

    /* U+006F "o" */
    0x0, 0x6c, 0xff, 0xe9, 0x10, 0x8, 0xff, 0xff,
    0xff, 0xc0, 0xf, 0xff, 0x86, 0xef, 0xf4, 0x3f,
    0xf9, 0x0, 0x5f, 0xf7, 0x4f, 0xf7, 0x0, 0x3f,
    0xf8, 0x3f, 0xf9, 0x0, 0x5f, 0xf7, 0xf, 0xff,
    0x76, 0xef, 0xf4, 0x8, 0xff, 0xff, 0xff, 0xc0,
    0x0, 0x6d, 0xff, 0xe9, 0x10,

    /* U+0070 "p" */
    0xef, 0xf4, 0xbf, 0xe8, 0x0, 0xef, 0xff, 0xff,
    0xff, 0x90, 0xef, 0xfe, 0x89, 0xff, 0xf1, 0xef,
    0xf5, 0x0, 0xaf, 0xf4, 0xef, 0xf2, 0x0, 0x8f,
    0xf5, 0xef, 0xf4, 0x0, 0xaf, 0xf4, 0xef, 0xfd,
    0x57, 0xff, 0xf1, 0xef, 0xff, 0xff, 0xff, 0x80,
    0xef, 0xf6, 0xcf, 0xe8, 0x0, 0xef, 0xf2, 0x0,
    0x0, 0x0, 0xef, 0xf2, 0x0, 0x0, 0x0, 0xef,
    0xf2, 0x0, 0x0, 0x0, 0xef, 0xf2, 0x0, 0x0,
    0x0,

    /* U+0071 "q" */
    0x0, 0x7e, 0xfc, 0x5f, 0xff, 0x0, 0x7f, 0xff,
    0xff, 0xff, 0xf0, 0xe, 0xff, 0xa8, 0xef, 0xff,
    0x2, 0xff, 0xc0, 0x3, 0xff, 0xf0, 0x3f, 0xfa,
    0x0, 0xf, 0xff, 0x2, 0xff, 0xc0, 0x2, 0xff,
    0xf0, 0xe, 0xff, 0x85, 0xcf, 0xff, 0x0, 0x6f,
    0xff, 0xff, 0xff, 0xf0, 0x0, 0x7d, 0xfd, 0x7f,
    0xff, 0x0, 0x0, 0x0, 0x0, 0xff, 0xf0, 0x0,
    0x0, 0x0, 0xf, 0xff, 0x0, 0x0, 0x0, 0x0,
    0xff, 0xf0, 0x0, 0x0, 0x0, 0xf, 0xff, 0x0,

    /* U+0072 "r" */
    0xef, 0xf3, 0xae, 0xf4, 0xef, 0xfe, 0xff, 0xf4,
    0xef, 0xff, 0xa8, 0xb4, 0xef, 0xf5, 0x0, 0x0,
    0xef, 0xf2, 0x0, 0x0, 0xef, 0xf2, 0x0, 0x0,
    0xef, 0xf2, 0x0, 0x0, 0xef, 0xf2, 0x0, 0x0,
    0xef, 0xf2, 0x0, 0x0,

    /* U+0073 "s" */
    0x3, 0xae, 0xfd, 0xa3, 0x0, 0x2f, 0xff, 0xff,
    0xff, 0x30, 0x7f, 0xfc, 0x47, 0xff, 0x70, 0x6f,
    0xfe, 0x85, 0x20, 0x0, 0xa, 0xff, 0xff, 0xfd,
    0x30, 0x45, 0x44, 0x6b, 0xff, 0xe0, 0xcf, 0xe7,
    0x58, 0xff, 0xf0, 0x6f, 0xff, 0xff, 0xff, 0x90,
    0x4, 0xad, 0xff, 0xd7, 0x0,

    /* U+0074 "t" */
    0x0, 0x38, 0x30, 0x0, 0x9, 0xf6, 0x0, 0x4,
    0xff, 0x60, 0xe, 0xff, 0xff, 0xf5, 0xef, 0xff,
    0xff, 0x56, 0xcf, 0xfa, 0x62, 0xa, 0xff, 0x60,
    0x0, 0xaf, 0xf6, 0x0, 0xa, 0xff, 0x60, 0x0,
    0xaf, 0xfd, 0x73, 0x6, 0xff, 0xff, 0x70, 0x8,
    0xdf, 0xf6,

    /* U+0075 "u" */
    0xef, 0xf2, 0x5, 0xff, 0xbe, 0xff, 0x20, 0x5f,
    0xfb, 0xef, 0xf2, 0x5, 0xff, 0xbe, 0xff, 0x20,
    0x5f, 0xfb, 0xef, 0xf2, 0x5, 0xff, 0xbe, 0xff,
    0x20, 0x5f, 0xfb, 0xef, 0xfa, 0x7d, 0xff, 0xbb,
    0xff, 0xff, 0xef, 0xfb, 0x2c, 0xfe, 0x86, 0xff,
    0xb0,

    /* U+0076 "v" */
    0xcf, 0xf7, 0x2, 0xff, 0xf1, 0x7f, 0xfa, 0x5,
    0xff, 0xb0, 0x2f, 0xfe, 0x9, 0xff, 0x60, 0xd,
    0xff, 0x2c, 0xff, 0x10, 0x8, 0xff, 0x6f, 0xfb,
    0x0, 0x3, 0xff, 0xcf, 0xf6, 0x0, 0x0, 0xef,
    0xff, 0xf1, 0x0, 0x0, 0x9f, 0xff, 0xb0, 0x0,
    0x0, 0x4f, 0xff, 0x60, 0x0,

    /* U+0077 "w" */
    0xcf, 0xf3, 0x6, 0xff, 0x90, 0x3f, 0xfc, 0x7f,
    0xf7, 0x9, 0xff, 0xc0, 0x6f, 0xf7, 0x3f, 0xfa,
    0xc, 0xff, 0xf0, 0x9f, 0xf3, 0xe, 0xfe, 0xf,
    0xff, 0xf3, 0xcf, 0xe0, 0x9, 0xff, 0x5f, 0xfe,
    0xf7, 0xff, 0x90, 0x5, 0xff, 0xcf, 0xb9, 0xfd,
    0xff, 0x40, 0x0, 0xff, 0xff, 0x75, 0xff, 0xff,
    0x0, 0x0, 0xbf, 0xff, 0x31, 0xff, 0xfb, 0x0,
    0x0, 0x7f, 0xfe, 0x0, 0xef, 0xf6, 0x0,

    /* U+0078 "x" */
    0x6f, 0xfd, 0x0, 0xdf, 0xf6, 0xc, 0xff, 0x89,
    0xff, 0xb0, 0x2, 0xff, 0xff, 0xff, 0x20, 0x0,
    0x7f, 0xff, 0xf6, 0x0, 0x0, 0x1f, 0xff, 0xe0,
    0x0, 0x0, 0xaf, 0xff, 0xf6, 0x0, 0x4, 0xff,
    0xff, 0xff, 0x10, 0xe, 0xff, 0x69, 0xff, 0xb0,
    0x9f, 0xfc, 0x0, 0xdf, 0xf5,

    /* U+0079 "y" */
    0xdf, 0xf8, 0x0, 0x9f, 0xfd, 0x8, 0xff, 0xb0,
    0xe, 0xff, 0x70, 0x2f, 0xfe, 0x3, 0xff, 0xf1,
    0x0, 0xdf, 0xf2, 0x9f, 0xfa, 0x0, 0x8, 0xff,
    0x5e, 0xff, 0x30, 0x0, 0x2f, 0xfc, 0xff, 0xc0,
    0x0, 0x0, 0xdf, 0xff, 0xf6, 0x0, 0x0, 0x8,
    0xff, 0xfe, 0x0, 0x0, 0x0, 0x2f, 0xff, 0x80,
    0x0, 0x0, 0x2, 0xff, 0xf1, 0x0, 0x0, 0x79,
    0xef, 0xf8, 0x0, 0x0, 0xa, 0xff, 0xfe, 0x0,
    0x0, 0x0, 0x6e, 0xfc, 0x20, 0x0, 0x0, 0x0,

    /* U+007A "z" */
    0x1f, 0xff, 0xff, 0xff, 0xf1, 0x1f, 0xff, 0xff,
    0xff, 0xf1, 0x2, 0x22, 0x3e, 0xff, 0xb0, 0x0,
    0x1, 0xdf, 0xfb, 0x0, 0x0, 0x1d, 0xff, 0xb0,
    0x0, 0x1, 0xdf, 0xfb, 0x0, 0x0, 0x1d, 0xff,
    0xc2, 0x11, 0x10, 0x4f, 0xff, 0xff, 0xff, 0xf2,
    0x4f, 0xff, 0xff, 0xff, 0xf2,

    /* U+007B "{" */
    0x0, 0x3c, 0xfe, 0x30, 0xc, 0xff, 0xf4, 0x0,
    0xdf, 0xf6, 0x10, 0xd, 0xff, 0x10, 0x0, 0xdf,
    0xf0, 0x0, 0xd, 0xff, 0x0, 0x15, 0xff, 0xf0,
    0x5, 0xff, 0xf9, 0x0, 0x5f, 0xff, 0x70, 0x0,
    0x6f, 0xff, 0x0, 0x0, 0xff, 0xf0, 0x0, 0xf,
    0xff, 0x0, 0x0, 0xff, 0xf0, 0x0, 0xe, 0xff,
    0x93, 0x0, 0xbf, 0xff, 0x80, 0x1, 0xbe, 0xf6,

    /* U+007C "|" */
    0xac, 0xc3, 0xdf, 0xf4, 0xdf, 0xf4, 0xdf, 0xf4,
    0xdf, 0xf4, 0xdf, 0xf4, 0xdf, 0xf4, 0xdf, 0xf4,
    0xdf, 0xf4, 0xdf, 0xf4, 0xdf, 0xf4, 0xdf, 0xf4,
    0xdf, 0xf4, 0xdf, 0xf4, 0xdf, 0xf4, 0xdf, 0xf4,

    /* U+007D "}" */
    0x1e, 0xfd, 0x40, 0x2, 0xff, 0xfe, 0x0, 0x5,
    0xff, 0xf0, 0x0, 0xe, 0xff, 0x0, 0x0, 0xef,
    0xf0, 0x0, 0xe, 0xff, 0x0, 0x0, 0xdf, 0xf6,
    0x10, 0x7, 0xff, 0xf8, 0x0, 0x5f, 0xff, 0x70,
    0xd, 0xff, 0x90, 0x0, 0xdf, 0xf1, 0x0, 0xd,
    0xff, 0x10, 0x0, 0xdf, 0xf1, 0x2, 0x8f, 0xff,
    0x10, 0x5f, 0xff, 0xd0, 0x4, 0xff, 0xc3, 0x0,

    /* U+007E "~" */
    0x0, 0x34, 0x20, 0x1, 0x55, 0x0, 0x9f, 0xff,
    0xd8, 0xbf, 0xf0, 0x1f, 0xff, 0xff, 0xff, 0xfc,
    0x4, 0xff, 0x23, 0x9d, 0xfd, 0x30,

    /* U+F001 "" */
    0x0, 0x0, 0x0, 0x0, 0x0, 0x0, 0x0, 0x27,
    0xba, 0x0, 0x0, 0x0, 0x0, 0x0, 0x0, 0x48,
    0xdf, 0xff, 0xf2, 0x0, 0x0, 0x0, 0x1, 0x6a,
    0xff, 0xff, 0xff, 0xff, 0x20, 0x0, 0x0, 0x7c,
    0xff, 0xff, 0xff, 0xff, 0xff, 0xf2, 0x0, 0x0,
    0x4f, 0xff, 0xff, 0xff, 0xff, 0xff, 0xff, 0x20,
    0x0, 0x5, 0xff, 0xff, 0xff, 0xff, 0xb7, 0x3f,
    0xf2, 0x0, 0x0, 0x5f, 0xff, 0xfe, 0x95, 0x0,
    0x1, 0xff, 0x20, 0x0, 0x5, 0xff, 0x73, 0x0,
    0x0, 0x0, 0x1f, 0xf2, 0x0, 0x0, 0x5f, 0xe0,
    0x0, 0x0, 0x0, 0x1, 0xff, 0x20, 0x0, 0x5,
    0xfe, 0x0, 0x0, 0x0, 0x0, 0x1f, 0xf2, 0x0,
    0x0, 0x5f, 0xe0, 0x0, 0x0, 0x0, 0x1, 0xff,
    0x20, 0x0, 0x5, 0xfe, 0x0, 0x0, 0x0, 0x69,
    0x8f, 0xf2, 0x0, 0x0, 0x5f, 0xe0, 0x0, 0x2,
    0xef, 0xff, 0xff, 0x20, 0x3, 0x58, 0xfe, 0x0,
    0x0, 0x8f, 0xff, 0xff, 0xf2, 0x2d, 0xff, 0xff,
    0xe0, 0x0, 0x4, 0xff, 0xff, 0xfd, 0xb, 0xff,
    0xff, 0xfe, 0x0, 0x0, 0x4, 0xbd, 0xc8, 0x10,
    0xaf, 0xff, 0xff, 0xb0, 0x0, 0x0, 0x0, 0x0,
    0x0, 0x0, 0xaf, 0xff, 0xb1, 0x0, 0x0, 0x0,
    0x0, 0x0, 0x0, 0x0, 0x1, 0x0, 0x0, 0x0,
    0x0, 0x0, 0x0, 0x0, 0x0,

    /* U+F008 "" */
    0x51, 0x6, 0x88, 0x88, 0x88, 0x88, 0x88, 0x30,
    0x15, 0xf7, 0x6e, 0xff, 0xff, 0xff, 0xff, 0xff,
    0xb6, 0x8f, 0xfd, 0xcf, 0xf3, 0x33, 0x33, 0x33,
    0x6f, 0xec, 0xdf, 0xf2, 0xc, 0xe0, 0x0, 0x0,
    0x0, 0x3f, 0x70, 0x2f, 0xf2, 0xc, 0xe0, 0x0,
    0x0, 0x0, 0x3f, 0x80, 0x2f, 0xff, 0xff, 0xe0,
    0x0, 0x0, 0x0, 0x3f, 0xff, 0xff, 0xf4, 0x2d,
    0xf9, 0x99, 0x99, 0x99, 0xbf, 0x92, 0x4f, 0xf2,
    0xc, 0xff, 0xff, 0xff, 0xff, 0xff, 0x70, 0x2f,
    0xfb, 0xaf, 0xf1, 0x11, 0x11, 0x11, 0x5f, 0xda,
    0xbf, 0xf9, 0x8e, 0xe0, 0x0, 0x0, 0x0, 0x3f,
    0xc8, 0x9f, 0xf2, 0xc, 0xe0, 0x0, 0x0, 0x0,
    0x3f, 0x70, 0x2f, 0xf6, 0x4d, 0xe0, 0x0, 0x0,
    0x0, 0x3f, 0xa4, 0x6f, 0xfe, 0xef, 0xfb, 0xbb,
    0xbb, 0xbb, 0xcf, 0xfe, 0xef, 0xc2, 0xc, 0xff,
    0xff, 0xff, 0xff, 0xff, 0x80, 0x2c,

    /* U+F00B "" */
    0x58, 0x88, 0x70, 0x28, 0x88, 0x88, 0x88, 0x88,
    0x85, 0xff, 0xff, 0xf3, 0x9f, 0xff, 0xff, 0xff,
    0xff, 0xff, 0xff, 0xff, 0xf3, 0xaf, 0xff, 0xff,
    0xff, 0xff, 0xff, 0xff, 0xff, 0xf3, 0xaf, 0xff,
    0xff, 0xff, 0xff, 0xff, 0xbf, 0xff, 0xd1, 0x6f,
    0xff, 0xff, 0xff, 0xff, 0xfb, 0x0, 0x0, 0x0,
    0x0, 0x0, 0x0, 0x0, 0x0, 0x0, 0xcf, 0xff,
    0xe1, 0x7f, 0xff, 0xff, 0xff, 0xff, 0xfc, 0xff,
    0xff, 0xf3, 0xaf, 0xff, 0xff, 0xff, 0xff, 0xff,
    0xff, 0xff, 0xf3, 0xaf, 0xff, 0xff, 0xff, 0xff,
    0xff, 0xff, 0xff, 0xf3, 0x9f, 0xff, 0xff, 0xff,
    0xff, 0xff, 0x58, 0x88, 0x60, 0x27, 0x88, 0x88,
    0x88, 0x88, 0x85, 0x47, 0x77, 0x50, 0x17, 0x77,
    0x77, 0x77, 0x77, 0x74, 0xff, 0xff, 0xf3, 0x9f,
    0xff, 0xff, 0xff, 0xff, 0xff, 0xff, 0xff, 0xf3,
    0xaf, 0xff, 0xff, 0xff, 0xff, 0xff, 0xff, 0xff,
    0xf3, 0xaf, 0xff, 0xff, 0xff, 0xff, 0xff, 0xdf,
    0xff, 0xf1, 0x7f, 0xff, 0xff, 0xff, 0xff, 0xfd,
    0x0, 0x0, 0x0, 0x0, 0x0, 0x0, 0x0, 0x0,
    0x0,

    /* U+F00C "" */
    0x0, 0x0, 0x0, 0x0, 0x0, 0x0, 0x0, 0x5,
    0x20, 0x0, 0x0, 0x0, 0x0, 0x0, 0x0, 0x0,
    0x7f, 0xf3, 0x0, 0x0, 0x0, 0x0, 0x0, 0x0,
    0x7, 0xff, 0xfe, 0x0, 0x0, 0x0, 0x0, 0x0,
    0x0, 0x7f, 0xff, 0xf8, 0x0, 0x0, 0x0, 0x0,
    0x0, 0x7, 0xff, 0xff, 0x90, 0x9, 0xd1, 0x0,
    0x0, 0x0, 0x7f, 0xff, 0xf9, 0x0, 0x9f, 0xfd,
    0x10, 0x0, 0x7, 0xff, 0xff, 0x90, 0x0, 0xdf,
    0xff, 0xd1, 0x0, 0x7f, 0xff, 0xf9, 0x0, 0x0,
    0x2e, 0xff, 0xfd, 0x17, 0xff, 0xff, 0x90, 0x0,
    0x0, 0x2, 0xef, 0xff, 0xef, 0xff, 0xf9, 0x0,
    0x0, 0x0, 0x0, 0x2e, 0xff, 0xff, 0xff, 0x90,
    0x0, 0x0, 0x0, 0x0, 0x2, 0xef, 0xff, 0xf9,
    0x0, 0x0, 0x0, 0x0, 0x0, 0x0, 0x2e, 0xff,
    0x90, 0x0, 0x0, 0x0, 0x0, 0x0, 0x0, 0x2,
    0xd8, 0x0, 0x0, 0x0, 0x0, 0x0,

    /* U+F00D "" */
    0x2d, 0xb0, 0x0, 0x0, 0x6, 0xe6, 0xd, 0xff,
    0xc0, 0x0, 0x6, 0xff, 0xf3, 0xcf, 0xff, 0xc0,
    0x6, 0xff, 0xff, 0x31, 0xdf, 0xff, 0xc7, 0xff,
    0xff, 0x50, 0x1, 0xdf, 0xff, 0xff, 0xff, 0x50,
    0x0, 0x1, 0xdf, 0xff, 0xff, 0x50, 0x0, 0x0,
    0x7, 0xff, 0xff, 0xd0, 0x0, 0x0, 0x6, 0xff,
    0xff, 0xff, 0xc0, 0x0, 0x6, 0xff, 0xff, 0xdf,
    0xff, 0xc0, 0x6, 0xff, 0xff, 0x51, 0xdf, 0xff,
    0xc0, 0xff, 0xff, 0x50, 0x1, 0xdf, 0xff, 0x58,
    0xff, 0x50, 0x0, 0x1, 0xdf, 0xd0, 0x5, 0x30,
    0x0, 0x0, 0x1, 0x61, 0x0,

    /* U+F011 "" */
    0x0, 0x0, 0x0, 0x0, 0xcd, 0x50, 0x0, 0x0,
    0x0, 0x0, 0x0, 0x0, 0x0, 0x3f, 0xfa, 0x0,
    0x0, 0x0, 0x0, 0x0, 0x7, 0xe3, 0x3, 0xff,
    0xa0, 0xb, 0xc1, 0x0, 0x0, 0x8, 0xff, 0xb0,
    0x3f, 0xfa, 0x4, 0xff, 0xd1, 0x0, 0x4, 0xff,
    0xf6, 0x3, 0xff, 0xa0, 0x1e, 0xff, 0xa0, 0x0,
    0xdf, 0xf7, 0x0, 0x3f, 0xfa, 0x0, 0x2e, 0xff,
    0x40, 0x3f, 0xfc, 0x0, 0x3, 0xff, 0xa0, 0x0,
    0x6f, 0xfa, 0x8, 0xff, 0x60, 0x0, 0x3f, 0xfa,
    0x0, 0x0, 0xef, 0xf0, 0xaf, 0xf2, 0x0, 0x3,
    0xff, 0xa0, 0x0, 0xb, 0xff, 0x1b, 0xff, 0x10,
    0x0, 0x1f, 0xf8, 0x0, 0x0, 0xbf, 0xf1, 0x9f,
    0xf3, 0x0, 0x0, 0x24, 0x0, 0x0, 0xd, 0xff,
    0x6, 0xff, 0x90, 0x0, 0x0, 0x0, 0x0, 0x2,
    0xff, 0xd0, 0x1f, 0xff, 0x20, 0x0, 0x0, 0x0,
    0x0, 0xbf, 0xf8, 0x0, 0x9f, 0xfd, 0x20, 0x0,
    0x0, 0x0, 0x9f, 0xfe, 0x10, 0x0, 0xcf, 0xfe,
    0x71, 0x0, 0x4, 0xcf, 0xff, 0x50, 0x0, 0x1,
    0xdf, 0xff, 0xfe, 0xdf, 0xff, 0xff, 0x60, 0x0,
    0x0, 0x0, 0x9f, 0xff, 0xff, 0xff, 0xfd, 0x40,
    0x0, 0x0, 0x0, 0x0, 0x28, 0xce, 0xfd, 0xa5,
    0x0, 0x0, 0x0,

    /* U+F013 "" */
    0x0, 0x0, 0x0, 0x4, 0x66, 0x40, 0x0, 0x0,
    0x0, 0x0, 0x0, 0x0, 0x3f, 0xff, 0xf3, 0x0,
    0x0, 0x0, 0x0, 0x0, 0x0, 0x4f, 0xff, 0xf4,
    0x0, 0x0, 0x0, 0x0, 0x78, 0x17, 0xff, 0xff,
    0xff, 0x71, 0x87, 0x0, 0x4, 0xff, 0xff, 0xff,
    0xff, 0xff, 0xff, 0xff, 0x40, 0xd, 0xff, 0xff,
    0xff, 0xff, 0xff, 0xff, 0xff, 0xd0, 0x3f, 0xff,
    0xff, 0xfe, 0x88, 0xef, 0xff, 0xff, 0xf3, 0x8,
    0xff, 0xff, 0xd0, 0x0, 0xd, 0xff, 0xff, 0x80,
    0x0, 0xaf, 0xff, 0x50, 0x0, 0x5, 0xff, 0xfa,
    0x0, 0x0, 0xbf, 0xff, 0x30, 0x0, 0x3, 0xff,
    0xfb, 0x0, 0x1, 0xcf, 0xff, 0x80, 0x0, 0x8,
    0xff, 0xfc, 0x10, 0x3e, 0xff, 0xff, 0xf6, 0x0,
    0x6f, 0xff, 0xff, 0xe3, 0x1f, 0xff, 0xff, 0xff,
    0xff, 0xff, 0xff, 0xff, 0xf1, 0x9, 0xff, 0xff,
    0xff, 0xff, 0xff, 0xff, 0xff, 0x90, 0x0, 0xdf,
    0x8e, 0xff, 0xff, 0xff, 0xe8, 0xfd, 0x0, 0x0,
    0x11, 0x1, 0x9f, 0xff, 0xf9, 0x10, 0x11, 0x0,
    0x0, 0x0, 0x0, 0x4f, 0xff, 0xf4, 0x0, 0x0,
    0x0, 0x0, 0x0, 0x0, 0x2c, 0xee, 0xd2, 0x0,
    0x0, 0x0, 0x0, 0x0, 0x0, 0x0, 0x0, 0x0,
    0x0, 0x0, 0x0,

    /* U+F015 "" */
    0x0, 0x0, 0x0, 0x0, 0x8, 0x92, 0x0, 0x6b,
    0xb1, 0x0, 0x0, 0x0, 0x0, 0x0, 0x2d, 0xff,
    0xe4, 0xa, 0xff, 0x20, 0x0, 0x0, 0x0, 0x0,
    0x4e, 0xff, 0xff, 0xf6, 0xaf, 0xf2, 0x0, 0x0,
    0x0, 0x0, 0x6f, 0xfe, 0x31, 0xcf, 0xff, 0xff,
    0x20, 0x0, 0x0, 0x0, 0x9f, 0xfd, 0x25, 0x70,
    0xaf, 0xff, 0xf2, 0x0, 0x0, 0x1, 0xbf, 0xfa,
    0x8, 0xff, 0xb0, 0x7f, 0xff, 0x40, 0x0, 0x2,
    0xdf, 0xf8, 0xa, 0xff, 0xff, 0xd2, 0x5f, 0xff,
    0x50, 0x4, 0xff, 0xf5, 0x1d, 0xff, 0xff, 0xff,
    0xe4, 0x2e, 0xff, 0x70, 0xdf, 0xe3, 0x3e, 0xff,
    0xff, 0xff, 0xff, 0xf6, 0x1c, 0xff, 0x13, 0xb1,
    0x5f, 0xff, 0xff, 0xff, 0xff, 0xff, 0xf8, 0x9,
    0x60, 0x0, 0xa, 0xff, 0xff, 0xff, 0xff, 0xff,
    0xff, 0xe0, 0x0, 0x0, 0x0, 0xaf, 0xff, 0xfd,
    0x88, 0xbf, 0xff, 0xfe, 0x0, 0x0, 0x0, 0xa,
    0xff, 0xff, 0x70, 0x3, 0xff, 0xff, 0xe0, 0x0,
    0x0, 0x0, 0xaf, 0xff, 0xf7, 0x0, 0x3f, 0xff,
    0xfe, 0x0, 0x0, 0x0, 0xa, 0xff, 0xff, 0x70,
    0x3, 0xff, 0xff, 0xe0, 0x0, 0x0, 0x0, 0x8f,
    0xff, 0xf5, 0x0, 0x2f, 0xff, 0xfc, 0x0, 0x0,
    0x0, 0x0, 0x0, 0x0, 0x0, 0x0, 0x0, 0x0,
    0x0, 0x0, 0x0,

    /* U+F019 "" */
    0x0, 0x0, 0x0, 0x9, 0xaa, 0x90, 0x0, 0x0,
    0x0, 0x0, 0x0, 0x0, 0x3f, 0xff, 0xf3, 0x0,
    0x0, 0x0, 0x0, 0x0, 0x0, 0x4f, 0xff, 0xf4,
    0x0, 0x0, 0x0, 0x0, 0x0, 0x0, 0x4f, 0xff,
    0xf4, 0x0, 0x0, 0x0, 0x0, 0x0, 0x0, 0x4f,
    0xff, 0xf4, 0x0, 0x0, 0x0, 0x0, 0x0, 0x0,
    0x4f, 0xff, 0xf4, 0x0, 0x0, 0x0, 0x0, 0x0,
    0x0, 0x4f, 0xff, 0xf4, 0x0, 0x0, 0x0, 0x0,
    0xc, 0xee, 0xef, 0xff, 0xfe, 0xee, 0xc0, 0x0,
    0x0, 0x8, 0xff, 0xff, 0xff, 0xff, 0xff, 0x90,
    0x0, 0x0, 0x0, 0x8f, 0xff, 0xff, 0xff, 0xf8,
    0x0, 0x0, 0x0, 0x0, 0x8, 0xff, 0xff, 0xff,
    0x80, 0x0, 0x0, 0x0, 0x0, 0x0, 0x8f, 0xff,
    0xf8, 0x0, 0x0, 0x0, 0x24, 0x44, 0x44, 0x7,
    0xff, 0x70, 0x44, 0x44, 0x42, 0xff, 0xff, 0xff,
    0xc1, 0x66, 0x1d, 0xff, 0xff, 0xff, 0xff, 0xff,
    0xff, 0xfe, 0x66, 0xef, 0xff, 0xff, 0xff, 0xff,
    0xff, 0xff, 0xff, 0xff, 0xff, 0xff, 0xff, 0xff,
    0xff, 0xff, 0xff, 0xff, 0xff, 0xff, 0x66, 0xc4,
    0xff, 0xdf, 0xff, 0xff, 0xff, 0xff, 0xff, 0xff,
    0xff, 0xfd, 0x0, 0x0, 0x0, 0x0, 0x0, 0x0,
    0x0, 0x0, 0x0,

    /* U+F01C "" */
    0x0, 0x0, 0x4, 0x44, 0x44, 0x44, 0x44, 0x41,
    0x0, 0x0, 0x0, 0x0, 0x1e, 0xff, 0xff, 0xff,
    0xff, 0xff, 0xf4, 0x0, 0x0, 0x0, 0xb, 0xff,
    0xff, 0xff, 0xff, 0xff, 0xff, 0xe1, 0x0, 0x0,
    0x6, 0xff, 0x50, 0x0, 0x0, 0x0, 0x1, 0xff,
    0xa0, 0x0, 0x1, 0xff, 0x90, 0x0, 0x0, 0x0,
    0x0, 0x5, 0xff, 0x50, 0x0, 0xbf, 0xd0, 0x0,
    0x0, 0x0, 0x0, 0x0, 0xa, 0xfe, 0x10, 0x6f,
    0xf3, 0x0, 0x0, 0x0, 0x0, 0x0, 0x0, 0x1e,
    0xfa, 0xe, 0xff, 0xcc, 0xcc, 0x20, 0x0, 0x0,
    0xbc, 0xcc, 0xef, 0xf2, 0xff, 0xff, 0xff, 0xfa,
    0x0, 0x0, 0x6f, 0xff, 0xff, 0xff, 0x4f, 0xff,
    0xff, 0xff, 0xf8, 0x88, 0x8e, 0xff, 0xff, 0xff,
    0xf4, 0xff, 0xff, 0xff, 0xff, 0xff, 0xff, 0xff,
    0xff, 0xff, 0xff, 0x4f, 0xff, 0xff, 0xff, 0xff,
    0xff, 0xff, 0xff, 0xff, 0xff, 0xf4, 0xff, 0xff,
    0xff, 0xff, 0xff, 0xff, 0xff, 0xff, 0xff, 0xff,
    0x37, 0xff, 0xff, 0xff, 0xff, 0xff, 0xff, 0xff,
    0xff, 0xff, 0xa0,

    /* U+F021 "" */
    0x0, 0x0, 0x0, 0x15, 0x66, 0x40, 0x0, 0x5,
    0xcb, 0x0, 0x0, 0x3b, 0xff, 0xff, 0xff, 0x92,
    0x7, 0xff, 0x0, 0x7, 0xff, 0xff, 0xff, 0xff,
    0xff, 0x66, 0xff, 0x0, 0x8f, 0xff, 0xa4, 0x12,
    0x5b, 0xff, 0xfd, 0xff, 0x4, 0xff, 0xe4, 0x0,
    0x0, 0x0, 0x4e, 0xff, 0xff, 0xd, 0xff, 0x30,
    0x0, 0x0, 0x45, 0x46, 0xff, 0xff, 0x4f, 0xf7,
    0x0, 0x0, 0x0, 0xdf, 0xff, 0xff, 0xff, 0x8f,
    0xf1, 0x0, 0x0, 0x0, 0xdf, 0xff, 0xff, 0xff,
    0x2, 0x10, 0x0, 0x0, 0x0, 0x12, 0x22, 0x22,
    0x21, 0x0, 0x0, 0x0, 0x0, 0x0, 0x0, 0x0,
    0x0, 0x0, 0x67, 0x77, 0x77, 0x75, 0x0, 0x0,
    0x0, 0x6, 0x73, 0xff, 0xff, 0xff, 0xfe, 0x0,
    0x0, 0x0, 0x3f, 0xf6, 0xff, 0xff, 0xee, 0xfd,
    0x0, 0x0, 0x0, 0xcf, 0xf1, 0xff, 0xff, 0x70,
    0x0, 0x0, 0x0, 0x9, 0xff, 0xa0, 0xff, 0xff,
    0xfb, 0x20, 0x0, 0x2, 0xbf, 0xfe, 0x10, 0xff,
    0x8d, 0xff, 0xfc, 0xa9, 0xcf, 0xff, 0xe2, 0x0,
    0xff, 0x61, 0x9f, 0xff, 0xff, 0xff, 0xfb, 0x10,
    0x0, 0xff, 0x70, 0x1, 0x7c, 0xee, 0xd9, 0x30,
    0x0, 0x0, 0x56, 0x20, 0x0, 0x0, 0x0, 0x0,
    0x0, 0x0, 0x0,

    /* U+F026 "" */
    0x0, 0x0, 0x0, 0x2, 0x40, 0x0, 0x0, 0x2,
    0xef, 0x0, 0x0, 0x2, 0xef, 0xf0, 0x0, 0x3,
    0xef, 0xff, 0xdf, 0xff, 0xff, 0xff, 0xff, 0xff,
    0xff, 0xff, 0xff, 0xff, 0xff, 0xff, 0xff, 0xff,
    0xff, 0xff, 0xff, 0xff, 0xff, 0xff, 0xff, 0xff,
    0xff, 0xff, 0xff, 0xff, 0xff, 0x7b, 0xbb, 0xdf,
    0xff, 0xf0, 0x0, 0x0, 0xbf, 0xff, 0x0, 0x0,
    0x0, 0xbf, 0xf0, 0x0, 0x0, 0x0, 0xbe, 0x0,
    0x0, 0x0, 0x0, 0x0,

    /* U+F027 "" */
    0x0, 0x0, 0x0, 0x2, 0x40, 0x0, 0x0, 0x0,
    0x0, 0x0, 0x2e, 0xf0, 0x0, 0x0, 0x0, 0x0,
    0x2, 0xef, 0xf0, 0x0, 0x0, 0x0, 0x0, 0x3e,
    0xff, 0xf0, 0x0, 0x0, 0xdf, 0xff, 0xff, 0xff,
    0xf0, 0x7, 0x10, 0xff, 0xff, 0xff, 0xff, 0xf0,
    0x3f, 0xd0, 0xff, 0xff, 0xff, 0xff, 0xf0, 0x8,
    0xf5, 0xff, 0xff, 0xff, 0xff, 0xf0, 0x4, 0xf7,
    0xff, 0xff, 0xff, 0xff, 0xf0, 0xd, 0xf3, 0xff,
    0xff, 0xff, 0xff, 0xf0, 0x3f, 0x70, 0x8b, 0xbb,
    0xdf, 0xff, 0xf0, 0x0, 0x0, 0x0, 0x0, 0xb,
    0xff, 0xf0, 0x0, 0x0, 0x0, 0x0, 0x0, 0xbf,
    0xf0, 0x0, 0x0, 0x0, 0x0, 0x0, 0xb, 0xe0,
    0x0, 0x0, 0x0, 0x0, 0x0, 0x0, 0x0, 0x0,
    0x0,

    /* U+F028 "" */
    0x0, 0x0, 0x0, 0x0, 0x0, 0x0, 0x0, 0x1,
    0x0, 0x0, 0x0, 0x0, 0x0, 0x0, 0x0, 0x0,
    0x0, 0x7, 0xf6, 0x0, 0x0, 0x0, 0x0, 0x0,
    0x2, 0x40, 0x0, 0x0, 0x2d, 0xf8, 0x0, 0x0,
    0x0, 0x0, 0x2, 0xef, 0x0, 0x0, 0x40, 0x1c,
    0xf4, 0x0, 0x0, 0x0, 0x2, 0xef, 0xf0, 0x0,
    0x5f, 0xb0, 0x1e, 0xe1, 0x0, 0x0, 0x3, 0xef,
    0xff, 0x0, 0x0, 0xaf, 0xa0, 0x6f, 0x70, 0xdf,
    0xff, 0xff, 0xff, 0xf0, 0x7, 0x10, 0xbf, 0x30,
    0xfd, 0xf, 0xff, 0xff, 0xff, 0xff, 0x3, 0xfd,
    0x3, 0xf9, 0xa, 0xf0, 0xff, 0xff, 0xff, 0xff,
    0xf0, 0x7, 0xf5, 0xe, 0xc0, 0x8f, 0x2f, 0xff,
    0xff, 0xff, 0xff, 0x0, 0x4f, 0x70, 0xdd, 0x7,
    0xf3, 0xff, 0xff, 0xff, 0xff, 0xf0, 0x1d, 0xf3,
    0xf, 0xb0, 0x9f, 0x2f, 0xff, 0xff, 0xff, 0xff,
    0x3, 0xf7, 0x7, 0xf6, 0xc, 0xf0, 0x7b, 0xbb,
    0xdf, 0xff, 0xf0, 0x0, 0x3, 0xfe, 0x12, 0xfa,
    0x0, 0x0, 0x0, 0xbf, 0xff, 0x0, 0x3, 0xff,
    0x40, 0xaf, 0x30, 0x0, 0x0, 0x0, 0xbf, 0xf0,
    0x0, 0x3c, 0x30, 0x6f, 0xa0, 0x0, 0x0, 0x0,
    0x0, 0xbe, 0x0, 0x0, 0x0, 0x6f, 0xe1, 0x0,
    0x0, 0x0, 0x0, 0x0, 0x0, 0x0, 0x0, 0x6f,
    0xd2, 0x0, 0x0, 0x0, 0x0, 0x0, 0x0, 0x0,
    0x0, 0x3, 0x90, 0x0, 0x0,

    /* U+F03E "" */
    0x3a, 0xbb, 0xbb, 0xbb, 0xbb, 0xbb, 0xbb, 0xbb,
    0xa3, 0xef, 0xff, 0xff, 0xff, 0xff, 0xff, 0xff,
    0xff, 0xfe, 0xff, 0xd5, 0x6e, 0xff, 0xff, 0xff,
    0xff, 0xff, 0xff, 0xff, 0x20, 0x4, 0xff, 0xff,
    0xff, 0xff, 0xff, 0xff, 0xff, 0x0, 0x2, 0xff,
    0xff, 0xff, 0xbf, 0xff, 0xff, 0xff, 0x50, 0x7,
    0xff, 0xff, 0xf5, 0x9, 0xff, 0xff, 0xff, 0xfb,
    0xbf, 0xff, 0xff, 0x50, 0x0, 0x9f, 0xff, 0xff,
    0xff, 0xcb, 0xff, 0xf5, 0x0, 0x0, 0x9, 0xff,
    0xff, 0xfc, 0x0, 0xaf, 0x50, 0x0, 0x0, 0x4,
    0xff, 0xff, 0xc0, 0x0, 0x3, 0x0, 0x0, 0x0,
    0x4, 0xff, 0xff, 0x40, 0x0, 0x0, 0x0, 0x0,
    0x0, 0x4, 0xff, 0xff, 0x74, 0x44, 0x44, 0x44,
    0x44, 0x44, 0x47, 0xff, 0xff, 0xff, 0xff, 0xff,
    0xff, 0xff, 0xff, 0xff, 0xff, 0x6f, 0xff, 0xff,
    0xff, 0xff, 0xff, 0xff, 0xff, 0xf6,

    /* U+F043 "" */
    0x0, 0x0, 0x6, 0x90, 0x0, 0x0, 0x0, 0x0,
    0x1, 0xff, 0x40, 0x0, 0x0, 0x0, 0x0, 0x6f,
    0xfa, 0x0, 0x0, 0x0, 0x0, 0xd, 0xff, 0xf2,
    0x0, 0x0, 0x0, 0x5, 0xff, 0xff, 0x90, 0x0,
    0x0, 0x0, 0xef, 0xff, 0xff, 0x30, 0x0, 0x0,
    0x9f, 0xff, 0xff, 0xfd, 0x0, 0x0, 0x5f, 0xff,
    0xff, 0xff, 0xf9, 0x0, 0xe, 0xff, 0xff, 0xff,
    0xff, 0xf3, 0x7, 0xff, 0xff, 0xff, 0xff, 0xff,
    0xa0, 0xcf, 0xff, 0xff, 0xff, 0xff, 0xff, 0xf,
    0xfb, 0xff, 0xff, 0xff, 0xff, 0xf2, 0xff, 0x4a,
    0xff, 0xff, 0xff, 0xff, 0x2c, 0xf8, 0x4f, 0xff,
    0xff, 0xff, 0xf0, 0x7f, 0xf2, 0x5c, 0xff, 0xff,
    0xfb, 0x0, 0xef, 0xe5, 0x8, 0xff, 0xff, 0x30,
    0x2, 0xef, 0xff, 0xff, 0xff, 0x50, 0x0, 0x1,
    0xaf, 0xff, 0xfb, 0x30, 0x0, 0x0, 0x0, 0x3,
    0x31, 0x0, 0x0, 0x0,

    /* U+F048 "" */
    0x6b, 0x90, 0x0, 0x0, 0x3, 0xa2, 0x9f, 0xe0,
    0x0, 0x0, 0x4f, 0xf9, 0x9f, 0xe0, 0x0, 0x5,
    0xff, 0xfa, 0x9f, 0xe0, 0x0, 0x6f, 0xff, 0xfa,
    0x9f, 0xe0, 0x7, 0xff, 0xff, 0xfa, 0x9f, 0xe0,
    0x8f, 0xff, 0xff, 0xfa, 0x9f, 0xe9, 0xff, 0xff,
    0xff, 0xfa, 0x9f, 0xff, 0xff, 0xff, 0xff, 0xfa,
    0x9f, 0xff, 0xff, 0xff, 0xff, 0xfa, 0x9f, 0xfe,
    0xff, 0xff, 0xff, 0xfa, 0x9f, 0xe1, 0xdf, 0xff,
    0xff, 0xfa, 0x9f, 0xe0, 0x1c, 0xff, 0xff, 0xfa,
    0x9f, 0xe0, 0x0, 0xbf, 0xff, 0xfa, 0x9f, 0xe0,
    0x0, 0xa, 0xff, 0xfa, 0x9f, 0xe0, 0x0, 0x0,
    0x9f, 0xfa, 0x9f, 0xe0, 0x0, 0x0, 0x8, 0xf6,
    0x0, 0x0, 0x0, 0x0, 0x0, 0x0,

    /* U+F04B "" */
    0x3a, 0x70, 0x0, 0x0, 0x0, 0x0, 0x0, 0x0,
    0xef, 0xfe, 0x50, 0x0, 0x0, 0x0, 0x0, 0x0,
    0xff, 0xff, 0xfb, 0x20, 0x0, 0x0, 0x0, 0x0,
    0xff, 0xff, 0xff, 0xf8, 0x0, 0x0, 0x0, 0x0,
    0xff, 0xff, 0xff, 0xff, 0xe6, 0x0, 0x0, 0x0,
    0xff, 0xff, 0xff, 0xff, 0xff, 0xc3, 0x0, 0x0,
    0xff, 0xff, 0xff, 0xff, 0xff, 0xff, 0x91, 0x0,
    0xff, 0xff, 0xff, 0xff, 0xff, 0xff, 0xfe, 0x60,
    0xff, 0xff, 0xff, 0xff, 0xff, 0xff, 0xff, 0xf7,
    0xff, 0xff, 0xff, 0xff, 0xff, 0xff, 0xff, 0xfa,
    0xff, 0xff, 0xff, 0xff, 0xff, 0xff, 0xff, 0xe2,
    0xff, 0xff, 0xff, 0xff, 0xff, 0xff, 0xf8, 0x0,
    0xff, 0xff, 0xff, 0xff, 0xff, 0xfb, 0x20, 0x0,
    0xff, 0xff, 0xff, 0xff, 0xfd, 0x40, 0x0, 0x0,
    0xff, 0xff, 0xff, 0xff, 0x70, 0x0, 0x0, 0x0,
    0xff, 0xff, 0xff, 0xa1, 0x0, 0x0, 0x0, 0x0,
    0xff, 0xff, 0xd3, 0x0, 0x0, 0x0, 0x0, 0x0,
    0xaf, 0xe6, 0x0, 0x0, 0x0, 0x0, 0x0, 0x0,
    0x2, 0x0, 0x0, 0x0, 0x0, 0x0, 0x0, 0x0,

    /* U+F04C "" */
    0x3a, 0xbb, 0xb9, 0x10, 0x3, 0xab, 0xbb, 0x91,
    0xef, 0xff, 0xff, 0xa0, 0xe, 0xff, 0xff, 0xfa,
    0xff, 0xff, 0xff, 0xc0, 0xf, 0xff, 0xff, 0xfc,
    0xff, 0xff, 0xff, 0xc0, 0xf, 0xff, 0xff, 0xfc,
    0xff, 0xff, 0xff, 0xc0, 0xf, 0xff, 0xff, 0xfc,
    0xff, 0xff, 0xff, 0xc0, 0xf, 0xff, 0xff, 0xfc,
    0xff, 0xff, 0xff, 0xc0, 0xf, 0xff, 0xff, 0xfc,
    0xff, 0xff, 0xff, 0xc0, 0xf, 0xff, 0xff, 0xfc,
    0xff, 0xff, 0xff, 0xc0, 0xf, 0xff, 0xff, 0xfc,
    0xff, 0xff, 0xff, 0xc0, 0xf, 0xff, 0xff, 0xfc,
    0xff, 0xff, 0xff, 0xc0, 0xf, 0xff, 0xff, 0xfc,
    0xff, 0xff, 0xff, 0xc0, 0xf, 0xff, 0xff, 0xfc,
    0xff, 0xff, 0xff, 0xc0, 0xf, 0xff, 0xff, 0xfc,
    0xff, 0xff, 0xff, 0xc0, 0xf, 0xff, 0xff, 0xfc,
    0xff, 0xff, 0xff, 0xb0, 0xf, 0xff, 0xff, 0xfb,
    0x7f, 0xff, 0xfe, 0x40, 0x7, 0xff, 0xff, 0xe4,
    0x0, 0x0, 0x0, 0x0, 0x0, 0x0, 0x0, 0x0,

    /* U+F04D "" */
    0x3a, 0xbb, 0xbb, 0xbb, 0xbb, 0xbb, 0xbb, 0x91,
    0xef, 0xff, 0xff, 0xff, 0xff, 0xff, 0xff, 0xfa,
    0xff, 0xff, 0xff, 0xff, 0xff, 0xff, 0xff, 0xfc,
    0xff, 0xff, 0xff, 0xff, 0xff, 0xff, 0xff, 0xfc,
    0xff, 0xff, 0xff, 0xff, 0xff, 0xff, 0xff, 0xfc,
    0xff, 0xff, 0xff, 0xff, 0xff, 0xff, 0xff, 0xfc,
    0xff, 0xff, 0xff, 0xff, 0xff, 0xff, 0xff, 0xfc,
    0xff, 0xff, 0xff, 0xff, 0xff, 0xff, 0xff, 0xfc,
    0xff, 0xff, 0xff, 0xff, 0xff, 0xff, 0xff, 0xfc,
    0xff, 0xff, 0xff, 0xff, 0xff, 0xff, 0xff, 0xfc,
    0xff, 0xff, 0xff, 0xff, 0xff, 0xff, 0xff, 0xfc,
    0xff, 0xff, 0xff, 0xff, 0xff, 0xff, 0xff, 0xfc,
    0xff, 0xff, 0xff, 0xff, 0xff, 0xff, 0xff, 0xfc,
    0xff, 0xff, 0xff, 0xff, 0xff, 0xff, 0xff, 0xfc,
    0xff, 0xff, 0xff, 0xff, 0xff, 0xff, 0xff, 0xfb,
    0x7f, 0xff, 0xff, 0xff, 0xff, 0xff, 0xff, 0xe4,
    0x0, 0x0, 0x0, 0x0, 0x0, 0x0, 0x0, 0x0,

    /* U+F051 "" */
    0x4a, 0x20, 0x0, 0x0, 0xa, 0xb4, 0xbf, 0xe3,
    0x0, 0x0, 0xf, 0xf8, 0xcf, 0xff, 0x40, 0x0,
    0xf, 0xf8, 0xcf, 0xff, 0xf5, 0x0, 0xf, 0xf8,
    0xcf, 0xff, 0xff, 0x60, 0xf, 0xf8, 0xcf, 0xff,
    0xff, 0xf7, 0xf, 0xf8, 0xcf, 0xff, 0xff, 0xff,
    0x9f, 0xf8, 0xcf, 0xff, 0xff, 0xff, 0xff, 0xf8,
    0xcf, 0xff, 0xff, 0xff, 0xff, 0xf8, 0xcf, 0xff,
    0xff, 0xff, 0xdf, 0xf8, 0xcf, 0xff, 0xff, 0xfc,
    0x1f, 0xf8, 0xcf, 0xff, 0xff, 0xb0, 0xf, 0xf8,
    0xcf, 0xff, 0xfa, 0x0, 0xf, 0xf8, 0xcf, 0xff,
    0x80, 0x0, 0xf, 0xf8, 0xbf, 0xf7, 0x0, 0x0,
    0xf, 0xf8, 0x7f, 0x60, 0x0, 0x0, 0xf, 0xf7,
    0x0, 0x0, 0x0, 0x0, 0x0, 0x0,

    /* U+F052 "" */
    0x0, 0x0, 0x0, 0x2, 0xca, 0x10, 0x0, 0x0,
    0x0, 0x0, 0x0, 0x0, 0x2e, 0xff, 0xc0, 0x0,
    0x0, 0x0, 0x0, 0x0, 0x1, 0xef, 0xff, 0xfb,
    0x0, 0x0, 0x0, 0x0, 0x0, 0x1d, 0xff, 0xff,
    0xff, 0xa0, 0x0, 0x0, 0x0, 0x0, 0xcf, 0xff,
    0xff, 0xff, 0xf9, 0x0, 0x0, 0x0, 0xb, 0xff,
    0xff, 0xff, 0xff, 0xff, 0x70, 0x0, 0x0, 0xaf,
    0xff, 0xff, 0xff, 0xff, 0xff, 0xf6, 0x0, 0x8,
    0xff, 0xff, 0xff, 0xff, 0xff, 0xff, 0xff, 0x40,
    0xf, 0xff, 0xff, 0xff, 0xff, 0xff, 0xff, 0xff,
    0xb0, 0xa, 0xff, 0xff, 0xff, 0xff, 0xff, 0xff,
    0xff, 0x60, 0x0, 0x34, 0x44, 0x44, 0x44, 0x44,
    0x44, 0x42, 0x0, 0x3, 0x77, 0x77, 0x77, 0x77,
    0x77, 0x77, 0x77, 0x10, 0xf, 0xff, 0xff, 0xff,
    0xff, 0xff, 0xff, 0xff, 0xb0, 0xf, 0xff, 0xff,
    0xff, 0xff, 0xff, 0xff, 0xff, 0xc0, 0xf, 0xff,
    0xff, 0xff, 0xff, 0xff, 0xff, 0xff, 0xb0, 0xc,
    0xff, 0xff, 0xff, 0xff, 0xff, 0xff, 0xff, 0x70,
    0x0, 0x0, 0x0, 0x0, 0x0, 0x0, 0x0, 0x0,
    0x0,

    /* U+F053 "" */
    0x0, 0x0, 0x0, 0x0, 0x41, 0x0, 0x0, 0x0,
    0x0, 0x9f, 0xd0, 0x0, 0x0, 0x0, 0x9f, 0xff,
    0x20, 0x0, 0x0, 0x9f, 0xff, 0x50, 0x0, 0x0,
    0x9f, 0xff, 0x50, 0x0, 0x0, 0x9f, 0xff, 0x50,
    0x0, 0x0, 0x9f, 0xff, 0x50, 0x0, 0x0, 0x9f,
    0xff, 0x50, 0x0, 0x0, 0xe, 0xff, 0xd1, 0x0,
    0x0, 0x0, 0x3e, 0xff, 0xc1, 0x0, 0x0, 0x0,
    0x3e, 0xff, 0xc1, 0x0, 0x0, 0x0, 0x3e, 0xff,
    0xc1, 0x0, 0x0, 0x0, 0x3e, 0xff, 0xc1, 0x0,
    0x0, 0x0, 0x3e, 0xff, 0xc0, 0x0, 0x0, 0x0,
    0x3e, 0xff, 0x20, 0x0, 0x0, 0x0, 0x3c, 0x60,

    /* U+F054 "" */
    0x0, 0x50, 0x0, 0x0, 0x0, 0x0, 0x9f, 0xc1,
    0x0, 0x0, 0x0, 0xe, 0xff, 0xc1, 0x0, 0x0,
    0x0, 0x2e, 0xff, 0xc1, 0x0, 0x0, 0x0, 0x2e,
    0xff, 0xc1, 0x0, 0x0, 0x0, 0x2e, 0xff, 0xc1,
    0x0, 0x0, 0x0, 0x2e, 0xff, 0xc1, 0x0, 0x0,
    0x0, 0x2e, 0xff, 0xc0, 0x0, 0x0, 0x0, 0xaf,
    0xff, 0x20, 0x0, 0x0, 0x9f, 0xff, 0x50, 0x0,
    0x0, 0x9f, 0xff, 0x50, 0x0, 0x0, 0x9f, 0xff,
    0x50, 0x0, 0x0, 0x9f, 0xff, 0x60, 0x0, 0x0,
    0x9f, 0xff, 0x60, 0x0, 0x0, 0xe, 0xff, 0x60,
    0x0, 0x0, 0x0, 0x3d, 0x50, 0x0, 0x0, 0x0,

    /* U+F067 "" */
    0x0, 0x0, 0x0, 0x39, 0x91, 0x0, 0x0, 0x0,
    0x0, 0x0, 0x0, 0xcf, 0xf8, 0x0, 0x0, 0x0,
    0x0, 0x0, 0x0, 0xdf, 0xf9, 0x0, 0x0, 0x0,
    0x0, 0x0, 0x0, 0xdf, 0xf9, 0x0, 0x0, 0x0,
    0x0, 0x0, 0x0, 0xdf, 0xf9, 0x0, 0x0, 0x0,
    0x0, 0x0, 0x0, 0xdf, 0xf9, 0x0, 0x0, 0x0,
    0x36, 0x77, 0x77, 0xef, 0xfc, 0x77, 0x77, 0x61,
    0xef, 0xff, 0xff, 0xff, 0xff, 0xff, 0xff, 0xfa,
    0xff, 0xff, 0xff, 0xff, 0xff, 0xff, 0xff, 0xfb,
    0xae, 0xff, 0xff, 0xff, 0xff, 0xff, 0xff, 0xe6,
    0x0, 0x0, 0x0, 0xdf, 0xf9, 0x0, 0x0, 0x0,
    0x0, 0x0, 0x0, 0xdf, 0xf9, 0x0, 0x0, 0x0,
    0x0, 0x0, 0x0, 0xdf, 0xf9, 0x0, 0x0, 0x0,
    0x0, 0x0, 0x0, 0xdf, 0xf9, 0x0, 0x0, 0x0,
    0x0, 0x0, 0x0, 0xdf, 0xf9, 0x0, 0x0, 0x0,
    0x0, 0x0, 0x0, 0x9f, 0xf5, 0x0, 0x0, 0x0,
    0x0, 0x0, 0x0, 0x1, 0x10, 0x0, 0x0, 0x0,

    /* U+F068 "" */
    0x36, 0x66, 0x66, 0x66, 0x66, 0x66, 0x66, 0x61,
    0xef, 0xff, 0xff, 0xff, 0xff, 0xff, 0xff, 0xfa,
    0xff, 0xff, 0xff, 0xff, 0xff, 0xff, 0xff, 0xfb,
    0xaf, 0xff, 0xff, 0xff, 0xff, 0xff, 0xff, 0xf6,

    /* U+F06E "" */
    0x0, 0x0, 0x0, 0x3, 0x68, 0x87, 0x40, 0x0,
    0x0, 0x0, 0x0, 0x0, 0x0, 0x8e, 0xff, 0xff,
    0xff, 0xf9, 0x20, 0x0, 0x0, 0x0, 0x4, 0xef,
    0xfd, 0x63, 0x25, 0xbf, 0xff, 0x70, 0x0, 0x0,
    0x7, 0xff, 0xfa, 0x0, 0x0, 0x0, 0x7f, 0xff,
    0xa0, 0x0, 0x6, 0xff, 0xfd, 0x0, 0x8, 0xfc,
    0x20, 0x9f, 0xff, 0xa0, 0x2, 0xff, 0xff, 0x50,
    0x0, 0x8f, 0xfe, 0x12, 0xff, 0xff, 0x60, 0xcf,
    0xff, 0xf2, 0x16, 0x7f, 0xff, 0xf5, 0xe, 0xff,
    0xfe, 0x1e, 0xff, 0xff, 0x12, 0xff, 0xff, 0xff,
    0x70, 0xdf, 0xff, 0xf2, 0x6f, 0xff, 0xf3, 0xe,
    0xff, 0xff, 0xf3, 0xf, 0xff, 0xfb, 0x0, 0xbf,
    0xff, 0x90, 0x4f, 0xff, 0xf8, 0x5, 0xff, 0xfe,
    0x10, 0x1, 0xdf, 0xff, 0x40, 0x28, 0x84, 0x1,
    0xef, 0xff, 0x30, 0x0, 0x1, 0xbf, 0xff, 0x60,
    0x0, 0x4, 0xef, 0xfd, 0x30, 0x0, 0x0, 0x0,
    0x6e, 0xff, 0xfb, 0xbe, 0xff, 0xf9, 0x0, 0x0,
    0x0, 0x0, 0x0, 0x5, 0xad, 0xff, 0xeb, 0x71,
    0x0, 0x0, 0x0,

    /* U+F070 "" */
    0x4a, 0x10, 0x0, 0x0, 0x0, 0x0, 0x0, 0x0,
    0x0, 0x0, 0x0, 0xe, 0xfe, 0x30, 0x0, 0x0,
    0x0, 0x0, 0x0, 0x0, 0x0, 0x0, 0x0, 0x5f,
    0xff, 0x60, 0x0, 0x15, 0x78, 0x74, 0x0, 0x0,
    0x0, 0x0, 0x0, 0x2d, 0xff, 0xa6, 0xdf, 0xff,
    0xff, 0xff, 0xa2, 0x0, 0x0, 0x0, 0x0, 0xa,
    0xff, 0xff, 0xe8, 0x32, 0x5b, 0xff, 0xf8, 0x0,
    0x0, 0x0, 0x0, 0x6, 0xff, 0xf6, 0x0, 0x10,
    0x6, 0xff, 0xfb, 0x0, 0x0, 0x0, 0x0, 0x3,
    0xef, 0xf8, 0x7f, 0xd3, 0x9, 0xff, 0xfb, 0x0,
    0x0, 0x1e, 0x70, 0x1, 0xbf, 0xfe, 0xff, 0xf2,
    0x1f, 0xff, 0xf7, 0x0, 0x9, 0xff, 0xa0, 0x0,
    0x8f, 0xff, 0xff, 0x70, 0xdf, 0xff, 0xf1, 0x0,
    0xcf, 0xff, 0xd1, 0x0, 0x5f, 0xff, 0xf9, 0xc,
    0xff, 0xff, 0x30, 0x5, 0xff, 0xff, 0x60, 0x0,
    0x2d, 0xff, 0xb0, 0xef, 0xff, 0xb0, 0x0, 0xa,
    0xff, 0xfc, 0x0, 0x0, 0xa, 0xff, 0xef, 0xff,
    0xe1, 0x0, 0x0, 0xc, 0xff, 0xf6, 0x0, 0x0,
    0x6, 0xff, 0xff, 0xf3, 0x0, 0x0, 0x0, 0xa,
    0xff, 0xf8, 0x10, 0x0, 0x3, 0xef, 0xfa, 0x0,
    0x0, 0x0, 0x0, 0x5, 0xef, 0xff, 0xcb, 0x80,
    0x1, 0xbf, 0xfb, 0x10, 0x0, 0x0, 0x0, 0x0,
    0x5a, 0xdf, 0xfe, 0x70, 0x0, 0x8f, 0xfe, 0x30,
    0x0, 0x0, 0x0, 0x0, 0x0, 0x0, 0x0, 0x0,
    0x0, 0x5f, 0xff, 0x30, 0x0, 0x0, 0x0, 0x0,
    0x0, 0x0, 0x0, 0x0, 0x0, 0x2d, 0xe1, 0x0,
    0x0, 0x0, 0x0, 0x0, 0x0, 0x0, 0x0, 0x0,
    0x0, 0x1, 0x0,

    /* U+F071 "" */
    0x0, 0x0, 0x0, 0x0, 0x1, 0xcd, 0x40, 0x0,
    0x0, 0x0, 0x0, 0x0, 0x0, 0x0, 0x0, 0xa,
    0xff, 0xe0, 0x0, 0x0, 0x0, 0x0, 0x0, 0x0,
    0x0, 0x0, 0x4f, 0xff, 0xf8, 0x0, 0x0, 0x0,
    0x0, 0x0, 0x0, 0x0, 0x0, 0xdf, 0xff, 0xff,
    0x10, 0x0, 0x0, 0x0, 0x0, 0x0, 0x0, 0x6,
    0xff, 0xff, 0xff, 0xa0, 0x0, 0x0, 0x0, 0x0,
    0x0, 0x0, 0xe, 0xff, 0xff, 0xff, 0xf3, 0x0,
    0x0, 0x0, 0x0, 0x0, 0x0, 0x8f, 0xfb, 0x33,
    0x8f, 0xfc, 0x0, 0x0, 0x0, 0x0, 0x0, 0x2,
    0xff, 0xf9, 0x0, 0x6f, 0xff, 0x60, 0x0, 0x0,
    0x0, 0x0, 0xa, 0xff, 0xfa, 0x0, 0x6f, 0xff,
    0xe0, 0x0, 0x0, 0x0, 0x0, 0x4f, 0xff, 0xfb,
    0x0, 0x7f, 0xff, 0xf8, 0x0, 0x0, 0x0, 0x0,
    0xdf, 0xff, 0xfc, 0x0, 0x8f, 0xff, 0xff, 0x10,
    0x0, 0x0, 0x6, 0xff, 0xff, 0xfd, 0x0, 0x9f,
    0xff, 0xff, 0xa0, 0x0, 0x0, 0xe, 0xff, 0xff,
    0xff, 0xcb, 0xff, 0xff, 0xff, 0xf3, 0x0, 0x0,
    0x8f, 0xff, 0xff, 0xfc, 0x0, 0x8f, 0xff, 0xff,
    0xfc, 0x0, 0x2, 0xff, 0xff, 0xff, 0xf9, 0x0,
    0x4f, 0xff, 0xff, 0xff, 0x60, 0xa, 0xff, 0xff,
    0xff, 0xfe, 0x42, 0xcf, 0xff, 0xff, 0xff, 0xe0,
    0xf, 0xff, 0xff, 0xff, 0xff, 0xff, 0xff, 0xff,
    0xff, 0xff, 0xf3, 0x9, 0xff, 0xff, 0xff, 0xff,
    0xff, 0xff, 0xff, 0xff, 0xff, 0xd0, 0x0, 0x23,
    0x33, 0x33, 0x33, 0x33, 0x33, 0x33, 0x33, 0x33,
    0x0,

    /* U+F074 "" */
    0x0, 0x0, 0x0, 0x0, 0x0, 0x0, 0x1, 0x40,
    0x0, 0x0, 0x0, 0x0, 0x0, 0x0, 0x0, 0x7,
    0xf9, 0x0, 0x12, 0x22, 0x10, 0x0, 0x0, 0x1,
    0x29, 0xff, 0x90, 0xff, 0xff, 0xe2, 0x0, 0x0,
    0x6f, 0xff, 0xff, 0xf8, 0xff, 0xff, 0xfe, 0x20,
    0x5, 0xff, 0xff, 0xff, 0xfd, 0x9a, 0xad, 0xff,
    0xd0, 0x5f, 0xff, 0xbd, 0xff, 0xe2, 0x0, 0x0,
    0xcf, 0x44, 0xff, 0xf9, 0x8, 0xfe, 0x20, 0x0,
    0x0, 0x4, 0x4f, 0xff, 0x90, 0x4, 0xd2, 0x0,
    0x0, 0x0, 0x3, 0xff, 0xfa, 0x0, 0x0, 0x10,
    0x0, 0x0, 0x0, 0x3f, 0xff, 0xa1, 0x91, 0x6,
    0xf6, 0x0, 0x0, 0x2, 0xef, 0xfb, 0xc, 0xfc,
    0x8, 0xff, 0x60, 0xef, 0xff, 0xff, 0xb0, 0x1d,
    0xff, 0xff, 0xff, 0xf6, 0xff, 0xff, 0xfc, 0x0,
    0x2, 0xef, 0xff, 0xff, 0xfe, 0xdd, 0xdd, 0xb0,
    0x0, 0x0, 0x2d, 0xde, 0xff, 0xf5, 0x0, 0x0,
    0x0, 0x0, 0x0, 0x0, 0x8, 0xff, 0x50, 0x0,
    0x0, 0x0, 0x0, 0x0, 0x0, 0x6, 0xf5, 0x0,
    0x0, 0x0, 0x0, 0x0, 0x0, 0x0, 0x0, 0x0,
    0x0,

    /* U+F077 "" */
    0x0, 0x0, 0x0, 0x4, 0x20, 0x0, 0x0, 0x0,
    0x0, 0x0, 0x0, 0x5f, 0xe2, 0x0, 0x0, 0x0,
    0x0, 0x0, 0x5, 0xff, 0xfe, 0x20, 0x0, 0x0,
    0x0, 0x0, 0x5f, 0xff, 0xff, 0xe3, 0x0, 0x0,
    0x0, 0x6, 0xff, 0xfa, 0xcf, 0xfe, 0x30, 0x0,
    0x0, 0x6f, 0xff, 0x90, 0xc, 0xff, 0xe3, 0x0,
    0x6, 0xff, 0xf9, 0x0, 0x0, 0xcf, 0xfe, 0x30,
    0x5f, 0xff, 0x90, 0x0, 0x0, 0xc, 0xff, 0xe2,
    0xaf, 0xf9, 0x0, 0x0, 0x0, 0x0, 0xcf, 0xf6,
    0x1b, 0x80, 0x0, 0x0, 0x0, 0x0, 0xb, 0x90,

    /* U+F078 "" */
    0x3, 0x20, 0x0, 0x0, 0x0, 0x0, 0x3, 0x20,
    0x6f, 0xe2, 0x0, 0x0, 0x0, 0x0, 0x5f, 0xf2,
    0xaf, 0xfe, 0x30, 0x0, 0x0, 0x5, 0xff, 0xf6,
    0x1c, 0xff, 0xe3, 0x0, 0x0, 0x5f, 0xff, 0x90,
    0x1, 0xcf, 0xfe, 0x30, 0x5, 0xff, 0xf9, 0x0,
    0x0, 0x1c, 0xff, 0xe3, 0x5f, 0xff, 0x90, 0x0,
    0x0, 0x1, 0xcf, 0xff, 0xff, 0xf9, 0x0, 0x0,
    0x0, 0x0, 0x1c, 0xff, 0xff, 0x90, 0x0, 0x0,
    0x0, 0x0, 0x1, 0xcf, 0xf9, 0x0, 0x0, 0x0,
    0x0, 0x0, 0x0, 0x1b, 0x90, 0x0, 0x0, 0x0,

    /* U+F079 "" */
    0x0, 0x0, 0x26, 0x0, 0x0, 0x0, 0x0, 0x0,
    0x0, 0x0, 0x0, 0x0, 0x0, 0x2, 0xef, 0xa0,
    0x0, 0x44, 0x44, 0x44, 0x44, 0x42, 0x0, 0x0,
    0x0, 0x2e, 0xff, 0xfa, 0x4, 0xff, 0xff, 0xff,
    0xff, 0xfd, 0x0, 0x0, 0x3, 0xef, 0xff, 0xff,
    0xa0, 0xaf, 0xff, 0xff, 0xff, 0xfe, 0x0, 0x0,
    0xe, 0xfd, 0xef, 0xcf, 0xf8, 0x0, 0x0, 0x0,
    0x5, 0xfe, 0x0, 0x0, 0xb, 0xe2, 0xdf, 0x67,
    0xf5, 0x0, 0x0, 0x0, 0x5, 0xfe, 0x0, 0x0,
    0x0, 0x0, 0xdf, 0x60, 0x0, 0x0, 0x0, 0x0,
    0x5, 0xfe, 0x0, 0x0, 0x0, 0x0, 0xdf, 0x60,
    0x0, 0x0, 0x0, 0x0, 0x5, 0xfe, 0x0, 0x0,
    0x0, 0x0, 0xdf, 0x60, 0x0, 0x0, 0x0, 0x4,
    0x15, 0xfe, 0x3, 0x20, 0x0, 0x0, 0xdf, 0x60,
    0x0, 0x0, 0x0, 0x6f, 0xd6, 0xfe, 0x4f, 0xf1,
    0x0, 0x0, 0xdf, 0x94, 0x44, 0x44, 0x41, 0x3f,
    0xff, 0xff, 0xff, 0xc0, 0x0, 0x0, 0xdf, 0xff,
    0xff, 0xff, 0xff, 0x24, 0xff, 0xff, 0xfc, 0x10,
    0x0, 0x0, 0x9f, 0xff, 0xff, 0xff, 0xfe, 0x30,
    0x4f, 0xff, 0xc0, 0x0, 0x0, 0x0, 0x0, 0x0,
    0x0, 0x0, 0x0, 0x0, 0x4, 0xfc, 0x0, 0x0,
    0x0, 0x0, 0x0, 0x0, 0x0, 0x0, 0x0, 0x0,
    0x0, 0x10, 0x0, 0x0,

    /* U+F07B "" */
    0x17, 0x88, 0x88, 0x84, 0x0, 0x0, 0x0, 0x0,
    0x0, 0xcf, 0xff, 0xff, 0xff, 0x50, 0x0, 0x0,
    0x0, 0x0, 0xff, 0xff, 0xff, 0xff, 0xf6, 0x44,
    0x44, 0x44, 0x30, 0xff, 0xff, 0xff, 0xff, 0xff,
    0xff, 0xff, 0xff, 0xfa, 0xff, 0xff, 0xff, 0xff,
    0xff, 0xff, 0xff, 0xff, 0xff, 0xff, 0xff, 0xff,
    0xff, 0xff, 0xff, 0xff, 0xff, 0xff, 0xff, 0xff,
    0xff, 0xff, 0xff, 0xff, 0xff, 0xff, 0xff, 0xff,
    0xff, 0xff, 0xff, 0xff, 0xff, 0xff, 0xff, 0xff,
    0xff, 0xff, 0xff, 0xff, 0xff, 0xff, 0xff, 0xff,
    0xff, 0xff, 0xff, 0xff, 0xff, 0xff, 0xff, 0xff,
    0xff, 0xff, 0xff, 0xff, 0xff, 0xff, 0xff, 0xff,
    0xff, 0xff, 0xff, 0xff, 0xff, 0xff, 0xff, 0xff,
    0xff, 0xff, 0xff, 0xff, 0xff, 0xff, 0xff, 0xff,
    0xff, 0xff, 0xff, 0xff, 0xff, 0x7f, 0xff, 0xff,
    0xff, 0xff, 0xff, 0xff, 0xff, 0xf6,

    /* U+F093 "" */
    0x0, 0x0, 0x0, 0x0, 0x47, 0x0, 0x0, 0x0,
    0x0, 0x0, 0x0, 0x0, 0x4, 0xff, 0x90, 0x0,
    0x0, 0x0, 0x0, 0x0, 0x0, 0x4f, 0xff, 0xf9,
    0x0, 0x0, 0x0, 0x0, 0x0, 0x4, 0xff, 0xff,
    0xff, 0x90, 0x0, 0x0, 0x0, 0x0, 0x4f, 0xff,
    0xff, 0xff, 0xf9, 0x0, 0x0, 0x0, 0x4, 0xff,
    0xff, 0xff, 0xff, 0xff, 0x90, 0x0, 0x0, 0xc,
    0xff, 0xff, 0xff, 0xff, 0xff, 0xf1, 0x0, 0x0,
    0x0, 0x11, 0x2f, 0xff, 0xf7, 0x11, 0x10, 0x0,
    0x0, 0x0, 0x0, 0x1f, 0xff, 0xf6, 0x0, 0x0,
    0x0, 0x0, 0x0, 0x0, 0x1f, 0xff, 0xf6, 0x0,
    0x0, 0x0, 0x0, 0x0, 0x0, 0x1f, 0xff, 0xf6,
    0x0, 0x0, 0x0, 0x0, 0x0, 0x0, 0x1f, 0xff,
    0xf6, 0x0, 0x0, 0x0, 0x24, 0x44, 0x42, 0x1f,
    0xff, 0xf6, 0x24, 0x44, 0x42, 0xff, 0xff, 0xfc,
    0x8, 0xbb, 0xa2, 0xcf, 0xff, 0xff, 0xff, 0xff,
    0xff, 0xa5, 0x55, 0x5a, 0xff, 0xff, 0xff, 0xff,
    0xff, 0xff, 0xff, 0xff, 0xff, 0xff, 0xff, 0xff,
    0xff, 0xff, 0xff, 0xff, 0xff, 0xff, 0x66, 0xc4,
    0xff, 0xdf, 0xff, 0xff, 0xff, 0xff, 0xff, 0xff,
    0xff, 0xfd, 0x0, 0x0, 0x0, 0x0, 0x0, 0x0,
    0x0, 0x0, 0x0,

    /* U+F095 "" */
    0x0, 0x0, 0x0, 0x0, 0x0, 0x0, 0x2, 0xb8,
    0x41, 0x0, 0x0, 0x0, 0x0, 0x0, 0x0, 0x0,
    0x9f, 0xff, 0xfb, 0x0, 0x0, 0x0, 0x0, 0x0,
    0x0, 0x1f, 0xff, 0xff, 0xf0, 0x0, 0x0, 0x0,
    0x0, 0x0, 0x7, 0xff, 0xff, 0xfe, 0x0, 0x0,
    0x0, 0x0, 0x0, 0x0, 0xdf, 0xff, 0xff, 0xc0,
    0x0, 0x0, 0x0, 0x0, 0x0, 0xc, 0xff, 0xff,
    0xf9, 0x0, 0x0, 0x0, 0x0, 0x0, 0x0, 0xa,
    0xff, 0xff, 0x50, 0x0, 0x0, 0x0, 0x0, 0x0,
    0x0, 0xc, 0xff, 0xf1, 0x0, 0x0, 0x0, 0x0,
    0x0, 0x0, 0x3, 0xff, 0xfa, 0x0, 0x0, 0x0,
    0x0, 0x0, 0x0, 0x0, 0xdf, 0xff, 0x20, 0x0,
    0x0, 0x0, 0x0, 0x0, 0x0, 0xaf, 0xff, 0x90,
    0x0, 0x0, 0x4, 0xa5, 0x0, 0x0, 0xaf, 0xff,
    0xd0, 0x0, 0x0, 0x7d, 0xff, 0xf4, 0x2, 0xcf,
    0xff, 0xe2, 0x0, 0x0, 0xdf, 0xff, 0xff, 0xe9,
    0xff, 0xff, 0xf3, 0x0, 0x0, 0xd, 0xff, 0xff,
    0xff, 0xff, 0xff, 0xe2, 0x0, 0x0, 0x0, 0x9f,
    0xff, 0xff, 0xff, 0xff, 0xa1, 0x0, 0x0, 0x0,
    0x6, 0xff, 0xff, 0xff, 0xfc, 0x40, 0x0, 0x0,
    0x0, 0x0, 0x2f, 0xff, 0xfd, 0x83, 0x0, 0x0,
    0x0, 0x0, 0x0, 0x0, 0x23, 0x20, 0x0, 0x0,
    0x0, 0x0, 0x0, 0x0, 0x0,

    /* U+F0C4 "" */
    0x0, 0x35, 0x20, 0x0, 0x0, 0x0, 0x0, 0x0,
    0x1c, 0xff, 0xfa, 0x0, 0x0, 0x1, 0x9c, 0xa1,
    0xaf, 0xfe, 0xff, 0x60, 0x0, 0x2e, 0xff, 0xf9,
    0xef, 0x60, 0xaf, 0xb0, 0x3, 0xef, 0xff, 0xb0,
    0xef, 0x92, 0xcf, 0x90, 0x3e, 0xff, 0xfa, 0x0,
    0x7f, 0xff, 0xff, 0xe6, 0xff, 0xff, 0xa0, 0x0,
    0x8, 0xff, 0xff, 0xff, 0xff, 0xfa, 0x0, 0x0,
    0x0, 0x1, 0xcf, 0xff, 0xff, 0xa0, 0x0, 0x0,
    0x0, 0x0, 0x3f, 0xff, 0xff, 0x10, 0x0, 0x0,
    0x0, 0x36, 0xef, 0xff, 0xff, 0xd1, 0x0, 0x0,
    0x1c, 0xff, 0xff, 0xff, 0xff, 0xfd, 0x10, 0x0,
    0xaf, 0xfe, 0xff, 0xc2, 0xdf, 0xff, 0xd1, 0x0,
    0xef, 0x60, 0xaf, 0xa0, 0x1c, 0xff, 0xfe, 0x20,
    0xef, 0x92, 0xcf, 0xa0, 0x0, 0xcf, 0xff, 0xe2,
    0x7f, 0xff, 0xff, 0x40, 0x0, 0xb, 0xff, 0xf9,
    0x8, 0xff, 0xe5, 0x0, 0x0, 0x0, 0x58, 0x50,
    0x0, 0x1, 0x0, 0x0, 0x0, 0x0, 0x0, 0x0,

    /* U+F0C5 "" */
    0x0, 0x0, 0x6f, 0xff, 0xff, 0xf1, 0x68, 0x0,
    0x0, 0x0, 0xaf, 0xff, 0xff, 0xf1, 0x7f, 0x80,
    0x0, 0x0, 0xaf, 0xff, 0xff, 0xf1, 0x7f, 0xf8,
    0x36, 0x62, 0xaf, 0xff, 0xff, 0xf1, 0x36, 0x66,
    0xff, 0xf6, 0xaf, 0xff, 0xff, 0xf6, 0x22, 0x22,
    0xff, 0xf6, 0xaf, 0xff, 0xff, 0xff, 0xff, 0xfe,
    0xff, 0xf6, 0xaf, 0xff, 0xff, 0xff, 0xff, 0xfe,
    0xff, 0xf6, 0xaf, 0xff, 0xff, 0xff, 0xff, 0xfe,
    0xff, 0xf6, 0xaf, 0xff, 0xff, 0xff, 0xff, 0xfe,
    0xff, 0xf6, 0xaf, 0xff, 0xff, 0xff, 0xff, 0xfe,
    0xff, 0xf6, 0xaf, 0xff, 0xff, 0xff, 0xff, 0xfe,
    0xff, 0xf6, 0xaf, 0xff, 0xff, 0xff, 0xff, 0xfe,
    0xff, 0xf6, 0xaf, 0xff, 0xff, 0xff, 0xff, 0xfe,
    0xff, 0xf6, 0xaf, 0xff, 0xff, 0xff, 0xff, 0xfe,
    0xff, 0xf7, 0x6f, 0xff, 0xff, 0xff, 0xff, 0xfa,
    0xff, 0xfe, 0x30, 0x0, 0x0, 0x0, 0x0, 0x0,
    0xff, 0xff, 0xff, 0xff, 0xff, 0xf1, 0x0, 0x0,
    0xef, 0xff, 0xff, 0xff, 0xff, 0xf0, 0x0, 0x0,
    0x14, 0x44, 0x44, 0x44, 0x44, 0x20, 0x0, 0x0,

    /* U+F0C7 "" */
    0x5, 0x66, 0x66, 0x66, 0x66, 0x64, 0x0, 0x0,
    0xcf, 0xff, 0xff, 0xff, 0xff, 0xff, 0x90, 0x0,
    0xff, 0xed, 0xdd, 0xdd, 0xdd, 0xef, 0xf9, 0x0,
    0xff, 0x40, 0x0, 0x0, 0x0, 0xf, 0xff, 0x90,
    0xff, 0x40, 0x0, 0x0, 0x0, 0xe, 0xff, 0xf6,
    0xff, 0x40, 0x0, 0x0, 0x0, 0xe, 0xff, 0xf9,
    0xff, 0x40, 0x0, 0x0, 0x0, 0xf, 0xff, 0xf9,
    0xff, 0xff, 0xff, 0xff, 0xff, 0xff, 0xff, 0xf9,
    0xff, 0xff, 0xff, 0xff, 0xff, 0xff, 0xff, 0xf9,
    0xff, 0xff, 0xff, 0xc5, 0x7f, 0xff, 0xff, 0xf9,
    0xff, 0xff, 0xfe, 0x0, 0x5, 0xff, 0xff, 0xf9,
    0xff, 0xff, 0xfa, 0x0, 0x1, 0xff, 0xff, 0xf9,
    0xff, 0xff, 0xfd, 0x0, 0x4, 0xff, 0xff, 0xf9,
    0xff, 0xff, 0xff, 0x93, 0x4d, 0xff, 0xff, 0xf9,
    0xff, 0xff, 0xff, 0xff, 0xff, 0xff, 0xff, 0xf8,
    0x8f, 0xff, 0xff, 0xff, 0xff, 0xff, 0xff, 0xe3,
    0x1, 0x22, 0x22, 0x22, 0x22, 0x22, 0x21, 0x0,

    /* U+F0C9 "" */
    0x79, 0x99, 0x99, 0x99, 0x99, 0x99, 0x99, 0x95,
    0xff, 0xff, 0xff, 0xff, 0xff, 0xff, 0xff, 0xfc,
    0xdf, 0xff, 0xff, 0xff, 0xff, 0xff, 0xff, 0xfa,
    0x0, 0x0, 0x0, 0x0, 0x0, 0x0, 0x0, 0x0,
    0x0, 0x0, 0x0, 0x0, 0x0, 0x0, 0x0, 0x0,
    0x0, 0x0, 0x0, 0x0, 0x0, 0x0, 0x0, 0x0,
    0xef, 0xff, 0xff, 0xff, 0xff, 0xff, 0xff, 0xfa,
    0xff, 0xff, 0xff, 0xff, 0xff, 0xff, 0xff, 0xfb,
    0x68, 0x88, 0x88, 0x88, 0x88, 0x88, 0x88, 0x84,
    0x0, 0x0, 0x0, 0x0, 0x0, 0x0, 0x0, 0x0,
    0x0, 0x0, 0x0, 0x0, 0x0, 0x0, 0x0, 0x0,
    0x67, 0x77, 0x77, 0x77, 0x77, 0x77, 0x77, 0x74,
    0xff, 0xff, 0xff, 0xff, 0xff, 0xff, 0xff, 0xfb,
    0xef, 0xff, 0xff, 0xff, 0xff, 0xff, 0xff, 0xfa,
    0x0, 0x0, 0x0, 0x0, 0x0, 0x0, 0x0, 0x0,

    /* U+F0E0 "" */
    0x3, 0x44, 0x44, 0x44, 0x44, 0x44, 0x44, 0x44,
    0x30, 0xaf, 0xff, 0xff, 0xff, 0xff, 0xff, 0xff,
    0xff, 0xfa, 0xff, 0xff, 0xff, 0xff, 0xff, 0xff,
    0xff, 0xff, 0xff, 0xcf, 0xff, 0xff, 0xff, 0xff,
    0xff, 0xff, 0xff, 0xfc, 0xa, 0xff, 0xff, 0xff,
    0xff, 0xff, 0xff, 0xff, 0xa0, 0xa1, 0x6f, 0xff,
    0xff, 0xff, 0xff, 0xff, 0xf6, 0x3d, 0xfe, 0x42,
    0xdf, 0xff, 0xff, 0xff, 0xfd, 0x26, 0xff, 0xff,
    0xf9, 0x19, 0xff, 0xff, 0xff, 0x91, 0xbf, 0xff,
    0xff, 0xff, 0xd3, 0x5f, 0xff, 0xe5, 0x4e, 0xff,
    0xff, 0xff, 0xff, 0xff, 0x71, 0x99, 0x17, 0xff,
    0xff, 0xff, 0xff, 0xff, 0xff, 0xfd, 0x77, 0xdf,
    0xff, 0xff, 0xff, 0xff, 0xff, 0xff, 0xff, 0xff,
    0xff, 0xff, 0xff, 0xff, 0xff, 0xff, 0xff, 0xff,
    0xff, 0xff, 0xff, 0xff, 0xff, 0x7f, 0xff, 0xff,
    0xff, 0xff, 0xff, 0xff, 0xff, 0xf6,

    /* U+F0E7 "" */
    0x0, 0xaf, 0xff, 0xff, 0xa0, 0x0, 0x0, 0xf,
    0xff, 0xff, 0xfb, 0x0, 0x0, 0x1, 0xff, 0xff,
    0xff, 0x60, 0x0, 0x0, 0x3f, 0xff, 0xff, 0xf1,
    0x0, 0x0, 0x5, 0xff, 0xff, 0xfb, 0x0, 0x0,
    0x0, 0x8f, 0xff, 0xff, 0xa5, 0x55, 0x40, 0xa,
    0xff, 0xff, 0xff, 0xff, 0xff, 0x30, 0xcf, 0xff,
    0xff, 0xff, 0xff, 0xc0, 0xe, 0xff, 0xff, 0xff,
    0xff, 0xf3, 0x0, 0xef, 0xff, 0xff, 0xff, 0xfa,
    0x0, 0x1, 0x22, 0x23, 0xff, 0xff, 0x10, 0x0,
    0x0, 0x0, 0x4f, 0xff, 0x70, 0x0, 0x0, 0x0,
    0x8, 0xff, 0xe0, 0x0, 0x0, 0x0, 0x0, 0xcf,
    0xf5, 0x0, 0x0, 0x0, 0x0, 0xf, 0xfc, 0x0,
    0x0, 0x0, 0x0, 0x3, 0xff, 0x30, 0x0, 0x0,
    0x0, 0x0, 0x7f, 0x90, 0x0, 0x0, 0x0, 0x0,
    0x7, 0xe1, 0x0, 0x0, 0x0, 0x0, 0x0, 0x0,
    0x0, 0x0, 0x0, 0x0,

    /* U+F0EA "" */
    0x0, 0x0, 0x8d, 0x90, 0x0, 0x0, 0x0, 0x0,
    0x8b, 0xbc, 0xfa, 0xfd, 0xbb, 0x90, 0x0, 0x0,
    0xff, 0xff, 0xd0, 0xcf, 0xff, 0xf1, 0x0, 0x0,
    0xff, 0xff, 0xf8, 0xff, 0xff, 0xf1, 0x0, 0x0,
    0xff, 0xff, 0xff, 0xff, 0xff, 0xf1, 0x0, 0x0,
    0xff, 0xff, 0xf3, 0x0, 0x0, 0x0, 0x0, 0x0,
    0xff, 0xff, 0x95, 0xff, 0xff, 0xf1, 0x79, 0x0,
    0xff, 0xff, 0x88, 0xff, 0xff, 0xf1, 0x7f, 0xb0,
    0xff, 0xff, 0x88, 0xff, 0xff, 0xf1, 0x7f, 0xfa,
    0xff, 0xff, 0x88, 0xff, 0xff, 0xf2, 0x2, 0x21,
    0xff, 0xff, 0x88, 0xff, 0xff, 0xff, 0xdd, 0xdc,
    0xff, 0xff, 0x88, 0xff, 0xff, 0xff, 0xff, 0xfe,
    0xff, 0xff, 0x88, 0xff, 0xff, 0xff, 0xff, 0xfe,
    0xff, 0xff, 0x88, 0xff, 0xff, 0xff, 0xff, 0xfe,
    0x7a, 0xaa, 0x58, 0xff, 0xff, 0xff, 0xff, 0xfe,
    0x0, 0x0, 0x8, 0xff, 0xff, 0xff, 0xff, 0xfe,
    0x0, 0x0, 0x8, 0xff, 0xff, 0xff, 0xff, 0xfe,
    0x0, 0x0, 0x6, 0xff, 0xff, 0xff, 0xff, 0xfc,
    0x0, 0x0, 0x0, 0x0, 0x0, 0x0, 0x0, 0x0,

    /* U+F0F3 "" */
    0x0, 0x0, 0x0, 0x8, 0x60, 0x0, 0x0, 0x0,
    0x0, 0x0, 0x0, 0x3f, 0xf0, 0x0, 0x0, 0x0,
    0x0, 0x0, 0x6, 0xcf, 0xfa, 0x40, 0x0, 0x0,
    0x0, 0x1, 0xcf, 0xff, 0xff, 0xf9, 0x0, 0x0,
    0x0, 0xc, 0xff, 0xff, 0xff, 0xff, 0x80, 0x0,
    0x0, 0x5f, 0xff, 0xff, 0xff, 0xff, 0xf1, 0x0,
    0x0, 0x9f, 0xff, 0xff, 0xff, 0xff, 0xf5, 0x0,
    0x0, 0xbf, 0xff, 0xff, 0xff, 0xff, 0xf7, 0x0,
    0x0, 0xcf, 0xff, 0xff, 0xff, 0xff, 0xf8, 0x0,
    0x0, 0xef, 0xff, 0xff, 0xff, 0xff, 0xfa, 0x0,
    0x2, 0xff, 0xff, 0xff, 0xff, 0xff, 0xfe, 0x0,
    0x8, 0xff, 0xff, 0xff, 0xff, 0xff, 0xff, 0x40,
    0x3f, 0xff, 0xff, 0xff, 0xff, 0xff, 0xff, 0xd1,
    0xef, 0xff, 0xff, 0xff, 0xff, 0xff, 0xff, 0xfa,
    0xaf, 0xff, 0xff, 0xff, 0xff, 0xff, 0xff, 0xf7,
    0x0, 0x0, 0x0, 0x0, 0x0, 0x0, 0x0, 0x0,
    0x0, 0x0, 0x4, 0xff, 0xff, 0x0, 0x0, 0x0,
    0x0, 0x0, 0x0, 0xbf, 0xf7, 0x0, 0x0, 0x0,
    0x0, 0x0, 0x0, 0x2, 0x10, 0x0, 0x0, 0x0,

    /* U+F11C "" */
    0x4, 0x44, 0x44, 0x44, 0x44, 0x44, 0x44, 0x44,
    0x44, 0x41, 0xb, 0xff, 0xff, 0xff, 0xff, 0xff,
    0xff, 0xff, 0xff, 0xff, 0xe0, 0xff, 0xff, 0xff,
    0xff, 0xff, 0xff, 0xff, 0xff, 0xff, 0xff, 0x3f,
    0xf4, 0x4, 0xd0, 0x2f, 0x0, 0xf3, 0x3, 0xf0,
    0xf, 0xf4, 0xff, 0x40, 0x5d, 0x2, 0xf0, 0xf,
    0x40, 0x4f, 0x0, 0xff, 0x4f, 0xff, 0xff, 0xff,
    0xff, 0xff, 0xff, 0xff, 0xff, 0xff, 0xf4, 0xff,
    0xff, 0x22, 0xb7, 0x29, 0xa2, 0x4f, 0x42, 0xcf,
    0xff, 0x4f, 0xff, 0xf0, 0xa, 0x60, 0x79, 0x2,
    0xf2, 0xb, 0xff, 0xf4, 0xff, 0xff, 0xdd, 0xfe,
    0xdf, 0xfd, 0xef, 0xed, 0xff, 0xff, 0x4f, 0xf8,
    0x48, 0xe4, 0x44, 0x44, 0x44, 0x47, 0xf4, 0x5f,
    0xf4, 0xff, 0x40, 0x4d, 0x0, 0x0, 0x0, 0x0,
    0x3e, 0x0, 0xff, 0x4f, 0xf7, 0x48, 0xe4, 0x44,
    0x44, 0x44, 0x47, 0xf4, 0x4f, 0xf4, 0xff, 0xff,
    0xff, 0xff, 0xff, 0xff, 0xff, 0xff, 0xff, 0xff,
    0x37, 0xff, 0xff, 0xff, 0xff, 0xff, 0xff, 0xff,
    0xff, 0xff, 0xa0,

    /* U+F124 "" */
    0x0, 0x0, 0x0, 0x0, 0x0, 0x0, 0x0, 0x0,
    0x0, 0x0, 0x0, 0x0, 0x0, 0x0, 0x0, 0x0,
    0x0, 0x1, 0x8b, 0x30, 0x0, 0x0, 0x0, 0x0,
    0x0, 0x0, 0x2, 0xaf, 0xff, 0xd0, 0x0, 0x0,
    0x0, 0x0, 0x0, 0x3, 0xbf, 0xff, 0xff, 0xd0,
    0x0, 0x0, 0x0, 0x0, 0x5, 0xcf, 0xff, 0xff,
    0xff, 0x70, 0x0, 0x0, 0x0, 0x6, 0xdf, 0xff,
    0xff, 0xff, 0xfe, 0x0, 0x0, 0x0, 0x17, 0xef,
    0xff, 0xff, 0xff, 0xff, 0xf8, 0x0, 0x0, 0x29,
    0xff, 0xff, 0xff, 0xff, 0xff, 0xff, 0xf1, 0x0,
    0x7, 0xff, 0xff, 0xff, 0xff, 0xff, 0xff, 0xff,
    0x90, 0x0, 0xf, 0xff, 0xff, 0xff, 0xff, 0xff,
    0xff, 0xff, 0x20, 0x0, 0xb, 0xff, 0xff, 0xff,
    0xff, 0xff, 0xff, 0xfb, 0x0, 0x0, 0x0, 0x56,
    0x66, 0x66, 0x7f, 0xff, 0xff, 0xf3, 0x0, 0x0,
    0x0, 0x0, 0x0, 0x0, 0x2f, 0xff, 0xff, 0xc0,
    0x0, 0x0, 0x0, 0x0, 0x0, 0x0, 0x2f, 0xff,
    0xff, 0x50, 0x0, 0x0, 0x0, 0x0, 0x0, 0x0,
    0x2f, 0xff, 0xfd, 0x0, 0x0, 0x0, 0x0, 0x0,
    0x0, 0x0, 0x2f, 0xff, 0xf6, 0x0, 0x0, 0x0,
    0x0, 0x0, 0x0, 0x0, 0x2f, 0xff, 0xe0, 0x0,
    0x0, 0x0, 0x0, 0x0, 0x0, 0x0, 0x1f, 0xff,
    0x70, 0x0, 0x0, 0x0, 0x0, 0x0, 0x0, 0x0,
    0xc, 0xfd, 0x0, 0x0, 0x0, 0x0, 0x0, 0x0,
    0x0, 0x0, 0x0, 0x30, 0x0, 0x0, 0x0, 0x0,

    /* U+F15B "" */
    0x58, 0x88, 0x88, 0x87, 0x6, 0x0, 0x0, 0xff,
    0xff, 0xff, 0xfe, 0xf, 0x90, 0x0, 0xff, 0xff,
    0xff, 0xfe, 0xf, 0xf9, 0x0, 0xff, 0xff, 0xff,
    0xfe, 0xf, 0xff, 0x90, 0xff, 0xff, 0xff, 0xfe,
    0xf, 0xff, 0xf5, 0xff, 0xff, 0xff, 0xff, 0x32,
    0x22, 0x21, 0xff, 0xff, 0xff, 0xff, 0xff, 0xff,
    0xf8, 0xff, 0xff, 0xff, 0xff, 0xff, 0xff, 0xf8,
    0xff, 0xff, 0xff, 0xff, 0xff, 0xff, 0xf8, 0xff,
    0xff, 0xff, 0xff, 0xff, 0xff, 0xf8, 0xff, 0xff,
    0xff, 0xff, 0xff, 0xff, 0xf8, 0xff, 0xff, 0xff,
    0xff, 0xff, 0xff, 0xf8, 0xff, 0xff, 0xff, 0xff,
    0xff, 0xff, 0xf8, 0xff, 0xff, 0xff, 0xff, 0xff,
    0xff, 0xf8, 0xff, 0xff, 0xff, 0xff, 0xff, 0xff,
    0xf8, 0xff, 0xff, 0xff, 0xff, 0xff, 0xff, 0xf8,
    0xff, 0xff, 0xff, 0xff, 0xff, 0xff, 0xf8, 0xef,
    0xff, 0xff, 0xff, 0xff, 0xff, 0xf6, 0x14, 0x44,
    0x44, 0x44, 0x44, 0x44, 0x30,

    /* U+F1EB "" */
    0x0, 0x0, 0x0, 0x0, 0x0, 0x0, 0x0, 0x0,
    0x0, 0x0, 0x0, 0x0, 0x0, 0x0, 0x0, 0x36,
    0x89, 0xa9, 0x74, 0x10, 0x0, 0x0, 0x0, 0x0,
    0x0, 0x29, 0xef, 0xff, 0xff, 0xff, 0xff, 0xc6,
    0x0, 0x0, 0x0, 0x1, 0xaf, 0xff, 0xff, 0xff,
    0xff, 0xff, 0xff, 0xfe, 0x60, 0x0, 0x6, 0xff,
    0xff, 0xfc, 0x75, 0x43, 0x46, 0x9e, 0xff, 0xff,
    0xb1, 0x8, 0xff, 0xfe, 0x71, 0x0, 0x0, 0x0,
    0x0, 0x3, 0xcf, 0xff, 0xe2, 0xcf, 0xfa, 0x10,
    0x0, 0x0, 0x0, 0x0, 0x0, 0x0, 0x4e, 0xff,
    0x40, 0xb6, 0x0, 0x0, 0x59, 0xde, 0xfe, 0xc7,
    0x20, 0x0, 0x1b, 0x50, 0x0, 0x0, 0x5, 0xdf,
    0xff, 0xff, 0xff, 0xff, 0xa1, 0x0, 0x0, 0x0,
    0x0, 0x9, 0xff, 0xff, 0xfe, 0xde, 0xff, 0xff,
    0xe3, 0x0, 0x0, 0x0, 0x0, 0xdf, 0xfc, 0x40,
    0x0, 0x2, 0x8f, 0xff, 0x50, 0x0, 0x0, 0x0,
    0x1, 0xb6, 0x0, 0x0, 0x0, 0x0, 0x1b, 0x60,
    0x0, 0x0, 0x0, 0x0, 0x0, 0x0, 0x0, 0x35,
    0x0, 0x0, 0x0, 0x0, 0x0, 0x0, 0x0, 0x0,
    0x0, 0x0, 0x7f, 0xfe, 0x10, 0x0, 0x0, 0x0,
    0x0, 0x0, 0x0, 0x0, 0x0, 0xe, 0xff, 0xf6,
    0x0, 0x0, 0x0, 0x0, 0x0, 0x0, 0x0, 0x0,
    0x0, 0xdf, 0xff, 0x50, 0x0, 0x0, 0x0, 0x0,
    0x0, 0x0, 0x0, 0x0, 0x4, 0xff, 0xb0, 0x0,
    0x0, 0x0, 0x0, 0x0, 0x0, 0x0, 0x0, 0x0,
    0x0, 0x10, 0x0, 0x0, 0x0, 0x0, 0x0,

    /* U+F240 "" */
    0x4, 0x44, 0x44, 0x44, 0x44, 0x44, 0x44, 0x44,
    0x44, 0x44, 0x10, 0xa, 0xff, 0xff, 0xff, 0xff,
    0xff, 0xff, 0xff, 0xff, 0xff, 0xfe, 0x10, 0xff,
    0xff, 0xff, 0xff, 0xff, 0xff, 0xff, 0xff, 0xff,
    0xff, 0xf5, 0xf, 0xf4, 0x0, 0x0, 0x0, 0x0,
    0x0, 0x0, 0x0, 0x0, 0xff, 0xf3, 0xff, 0x4a,
    0xff, 0xff, 0xff, 0xff, 0xff, 0xff, 0xff, 0xf,
    0xff, 0x5f, 0xf4, 0xaf, 0xff, 0xff, 0xff, 0xff,
    0xff, 0xff, 0xf0, 0x3f, 0xf5, 0xff, 0x4a, 0xff,
    0xff, 0xff, 0xff, 0xff, 0xff, 0xff, 0x0, 0xef,
    0x5f, 0xf4, 0xaf, 0xff, 0xff, 0xff, 0xff, 0xff,
    0xff, 0xf0, 0x8f, 0xf5, 0xff, 0x45, 0x88, 0x88,
    0x88, 0x88, 0x88, 0x88, 0x88, 0xf, 0xff, 0x5f,
    0xf7, 0x44, 0x44, 0x44, 0x44, 0x44, 0x44, 0x44,
    0x45, 0xff, 0xc1, 0xff, 0xff, 0xff, 0xff, 0xff,
    0xff, 0xff, 0xff, 0xff, 0xff, 0xf5, 0x6, 0xef,
    0xff, 0xff, 0xff, 0xff, 0xff, 0xff, 0xff, 0xff,
    0xfb, 0x0,

    /* U+F241 "" */
    0x4, 0x44, 0x44, 0x44, 0x44, 0x44, 0x44, 0x44,
    0x44, 0x44, 0x10, 0xa, 0xff, 0xff, 0xff, 0xff,
    0xff, 0xff, 0xff, 0xff, 0xff, 0xfe, 0x10, 0xff,
    0xff, 0xff, 0xff, 0xff, 0xff, 0xff, 0xff, 0xff,
    0xff, 0xf5, 0xf, 0xf4, 0x0, 0x0, 0x0, 0x0,
    0x0, 0x0, 0x0, 0x0, 0xff, 0xf3, 0xff, 0x4d,
    0xff, 0xff, 0xff, 0xff, 0xff, 0x60, 0x0, 0xf,
    0xff, 0x5f, 0xf4, 0xdf, 0xff, 0xff, 0xff, 0xff,
    0xf6, 0x0, 0x0, 0x3f, 0xf5, 0xff, 0x4d, 0xff,
    0xff, 0xff, 0xff, 0xff, 0x60, 0x0, 0x0, 0xef,
    0x5f, 0xf4, 0xdf, 0xff, 0xff, 0xff, 0xff, 0xf6,
    0x0, 0x0, 0x8f, 0xf5, 0xff, 0x46, 0x88, 0x88,
    0x88, 0x88, 0x88, 0x30, 0x0, 0xf, 0xff, 0x5f,
    0xf7, 0x44, 0x44, 0x44, 0x44, 0x44, 0x44, 0x44,
    0x45, 0xff, 0xc1, 0xff, 0xff, 0xff, 0xff, 0xff,
    0xff, 0xff, 0xff, 0xff, 0xff, 0xf5, 0x6, 0xef,
    0xff, 0xff, 0xff, 0xff, 0xff, 0xff, 0xff, 0xff,
    0xfb, 0x0,

    /* U+F242 "" */
    0x4, 0x44, 0x44, 0x44, 0x44, 0x44, 0x44, 0x44,
    0x44, 0x44, 0x10, 0xa, 0xff, 0xff, 0xff, 0xff,
    0xff, 0xff, 0xff, 0xff, 0xff, 0xfe, 0x10, 0xff,
    0xff, 0xff, 0xff, 0xff, 0xff, 0xff, 0xff, 0xff,
    0xff, 0xf5, 0xf, 0xf4, 0x0, 0x0, 0x0, 0x0,
    0x0, 0x0, 0x0, 0x0, 0xff, 0xf3, 0xff, 0x4c,
    0xff, 0xff, 0xff, 0xf1, 0x0, 0x0, 0x0, 0xf,
    0xff, 0x5f, 0xf4, 0xcf, 0xff, 0xff, 0xff, 0x10,
    0x0, 0x0, 0x0, 0x3f, 0xf5, 0xff, 0x4c, 0xff,
    0xff, 0xff, 0xf1, 0x0, 0x0, 0x0, 0x0, 0xef,
    0x5f, 0xf4, 0xcf, 0xff, 0xff, 0xff, 0x10, 0x0,
    0x0, 0x0, 0x8f, 0xf5, 0xff, 0x46, 0x88, 0x88,
    0x88, 0x80, 0x0, 0x0, 0x0, 0xf, 0xff, 0x5f,
    0xf7, 0x44, 0x44, 0x44, 0x44, 0x44, 0x44, 0x44,
    0x45, 0xff, 0xc1, 0xff, 0xff, 0xff, 0xff, 0xff,
    0xff, 0xff, 0xff, 0xff, 0xff, 0xf5, 0x6, 0xef,
    0xff, 0xff, 0xff, 0xff, 0xff, 0xff, 0xff, 0xff,
    0xfb, 0x0,

    /* U+F243 "" */
    0x4, 0x44, 0x44, 0x44, 0x44, 0x44, 0x44, 0x44,
    0x44, 0x44, 0x10, 0xa, 0xff, 0xff, 0xff, 0xff,
    0xff, 0xff, 0xff, 0xff, 0xff, 0xfe, 0x10, 0xff,
    0xff, 0xff, 0xff, 0xff, 0xff, 0xff, 0xff, 0xff,
    0xff, 0xf5, 0xf, 0xf4, 0x0, 0x0, 0x0, 0x0,
    0x0, 0x0, 0x0, 0x0, 0xff, 0xf3, 0xff, 0x49,
    0xff, 0xfe, 0x0, 0x0, 0x0, 0x0, 0x0, 0xf,
    0xff, 0x5f, 0xf4, 0x9f, 0xff, 0xe0, 0x0, 0x0,
    0x0, 0x0, 0x0, 0x3f, 0xf5, 0xff, 0x49, 0xff,
    0xfe, 0x0, 0x0, 0x0, 0x0, 0x0, 0x0, 0xef,
    0x5f, 0xf4, 0x9f, 0xff, 0xe0, 0x0, 0x0, 0x0,
    0x0, 0x0, 0x8f, 0xf5, 0xff, 0x44, 0x88, 0x87,
    0x0, 0x0, 0x0, 0x0, 0x0, 0xf, 0xff, 0x5f,
    0xf7, 0x44, 0x44, 0x44, 0x44, 0x44, 0x44, 0x44,
    0x45, 0xff, 0xc1, 0xff, 0xff, 0xff, 0xff, 0xff,
    0xff, 0xff, 0xff, 0xff, 0xff, 0xf5, 0x6, 0xef,
    0xff, 0xff, 0xff, 0xff, 0xff, 0xff, 0xff, 0xff,
    0xfb, 0x0,

    /* U+F244 "" */
    0x4, 0x44, 0x44, 0x44, 0x44, 0x44, 0x44, 0x44,
    0x44, 0x44, 0x10, 0xa, 0xff, 0xff, 0xff, 0xff,
    0xff, 0xff, 0xff, 0xff, 0xff, 0xfe, 0x10, 0xff,
    0xff, 0xff, 0xff, 0xff, 0xff, 0xff, 0xff, 0xff,
    0xff, 0xf5, 0xf, 0xf4, 0x0, 0x0, 0x0, 0x0,
    0x0, 0x0, 0x0, 0x0, 0xff, 0xf3, 0xff, 0x40,
    0x0, 0x0, 0x0, 0x0, 0x0, 0x0, 0x0, 0xf,
    0xff, 0x5f, 0xf4, 0x0, 0x0, 0x0, 0x0, 0x0,
    0x0, 0x0, 0x0, 0x3f, 0xf5, 0xff, 0x40, 0x0,
    0x0, 0x0, 0x0, 0x0, 0x0, 0x0, 0x0, 0xef,
    0x5f, 0xf4, 0x0, 0x0, 0x0, 0x0, 0x0, 0x0,
    0x0, 0x0, 0x8f, 0xf5, 0xff, 0x40, 0x0, 0x0,
    0x0, 0x0, 0x0, 0x0, 0x0, 0xf, 0xff, 0x5f,
    0xf7, 0x44, 0x44, 0x44, 0x44, 0x44, 0x44, 0x44,
    0x45, 0xff, 0xc1, 0xff, 0xff, 0xff, 0xff, 0xff,
    0xff, 0xff, 0xff, 0xff, 0xff, 0xf5, 0x6, 0xef,
    0xff, 0xff, 0xff, 0xff, 0xff, 0xff, 0xff, 0xff,
    0xfb, 0x0,

    /* U+F287 "" */
    0x0, 0x0, 0x0, 0x0, 0x0, 0x0, 0x78, 0x10,
    0x0, 0x0, 0x0, 0x0, 0x0, 0x0, 0x0, 0x0,
    0x26, 0x9f, 0xfd, 0x0, 0x0, 0x0, 0x0, 0x0,
    0x0, 0x0, 0x0, 0x4f, 0xef, 0xff, 0xf0, 0x0,
    0x0, 0x0, 0x0, 0x0, 0x0, 0x0, 0xe, 0x80,
    0x2e, 0xf7, 0x0, 0x0, 0x0, 0x0, 0x0, 0x20,
    0x0, 0x6, 0xe0, 0x0, 0x0, 0x0, 0x0, 0x0,
    0x0, 0x3, 0xef, 0xe3, 0x0, 0xd7, 0x0, 0x0,
    0x0, 0x0, 0x2, 0xa1, 0x0, 0xcf, 0xff, 0xd4,
    0x9f, 0x55, 0x55, 0x55, 0x55, 0x55, 0x7f, 0xf7,
    0xf, 0xff, 0xff, 0xff, 0xff, 0xff, 0xff, 0xff,
    0xff, 0xff, 0xff, 0xf5, 0xaf, 0xff, 0xa0, 0x0,
    0xb, 0xb0, 0x0, 0x0, 0x0, 0x3f, 0xb2, 0x0,
    0x9c, 0x90, 0x0, 0x0, 0x3f, 0x30, 0x0, 0x0,
    0x1, 0x50, 0x0, 0x0, 0x0, 0x0, 0x0, 0x0,
    0xbb, 0x2, 0xbb, 0xb5, 0x0, 0x0, 0x0, 0x0,
    0x0, 0x0, 0x0, 0x2, 0xf9, 0x9f, 0xff, 0x80,
    0x0, 0x0, 0x0, 0x0, 0x0, 0x0, 0x0, 0x3,
    0xbd, 0xff, 0xf8, 0x0, 0x0, 0x0, 0x0, 0x0,
    0x0, 0x0, 0x0, 0x0, 0x3f, 0xff, 0x80, 0x0,
    0x0, 0x0, 0x0, 0x0, 0x0, 0x0, 0x0, 0x0,
    0x0, 0x0, 0x0, 0x0, 0x0,

    /* U+F293 "" */
    0x0, 0x1, 0x7b, 0xdd, 0xb8, 0x20, 0x0, 0x0,
    0x5f, 0xff, 0xdf, 0xff, 0xf6, 0x0, 0x4, 0xff,
    0xff, 0x68, 0xff, 0xff, 0x40, 0xe, 0xff, 0xff,
    0x60, 0x8f, 0xff, 0xd0, 0x4f, 0xff, 0xff, 0x60,
    0x9, 0xff, 0xf3, 0x8f, 0xf6, 0xbf, 0x61, 0xc0,
    0x9f, 0xf7, 0xbf, 0xf6, 0xb, 0x60, 0xe2, 0x5f,
    0xf9, 0xdf, 0xff, 0x50, 0x20, 0x33, 0xff, 0xfb,
    0xef, 0xff, 0xf5, 0x0, 0x2e, 0xff, 0xfc, 0xef,
    0xff, 0xfc, 0x0, 0x7f, 0xff, 0xfc, 0xdf, 0xff,
    0xd1, 0x0, 0x9, 0xff, 0xfc, 0xcf, 0xfc, 0x13,
    0x50, 0x90, 0xaf, 0xfb, 0xaf, 0xf2, 0x4f, 0x60,
    0xf3, 0x2f, 0xf9, 0x6f, 0xfd, 0xff, 0x70, 0x52,
    0xef, 0xf6, 0x1f, 0xff, 0xff, 0x70, 0x2e, 0xff,
    0xf1, 0x9, 0xff, 0xff, 0x72, 0xef, 0xff, 0x90,
    0x0, 0xbf, 0xff, 0xae, 0xff, 0xfd, 0x10, 0x0,
    0x5, 0xcf, 0xff, 0xfd, 0x80, 0x0, 0x0, 0x0,
    0x0, 0x11, 0x0, 0x0, 0x0,

    /* U+F2ED "" */
    0x0, 0x0, 0x5, 0x88, 0x88, 0x30, 0x0, 0x0,
    0x56, 0x66, 0x7f, 0xff, 0xff, 0xe6, 0x66, 0x63,
    0xff, 0xff, 0xff, 0xff, 0xff, 0xff, 0xff, 0xfb,
    0xcd, 0xdd, 0xdd, 0xdd, 0xdd, 0xdd, 0xdd, 0xd8,
    0x3, 0x44, 0x44, 0x44, 0x44, 0x44, 0x44, 0x20,
    0xe, 0xff, 0xff, 0xff, 0xff, 0xff, 0xff, 0xa0,
    0xe, 0xff, 0xff, 0xff, 0xff, 0xff, 0xff, 0xa0,
    0xe, 0xff, 0x1f, 0xf6, 0xaf, 0xc4, 0xff, 0xa0,
    0xe, 0xff, 0xf, 0xf5, 0x9f, 0xb3, 0xff, 0xa0,
    0xe, 0xff, 0xf, 0xf5, 0x9f, 0xb3, 0xff, 0xa0,
    0xe, 0xff, 0xf, 0xf5, 0x9f, 0xb3, 0xff, 0xa0,
    0xe, 0xff, 0xf, 0xf5, 0x9f, 0xb3, 0xff, 0xa0,
    0xe, 0xff, 0xf, 0xf5, 0x9f, 0xb3, 0xff, 0xa0,
    0xe, 0xff, 0xf, 0xf5, 0x9f, 0xb3, 0xff, 0xa0,
    0xe, 0xff, 0xf, 0xf5, 0x9f, 0xb3, 0xff, 0xa0,
    0xe, 0xff, 0x1f, 0xf6, 0xaf, 0xc4, 0xff, 0xa0,
    0xd, 0xff, 0xff, 0xff, 0xff, 0xff, 0xff, 0x90,
    0x8, 0xff, 0xff, 0xff, 0xff, 0xff, 0xff, 0x40,
    0x0, 0x24, 0x44, 0x44, 0x44, 0x44, 0x31, 0x0,

    /* U+F304 "" */
    0x0, 0x0, 0x0, 0x0, 0x0, 0x0, 0x0, 0x8a,
    0x30, 0x0, 0x0, 0x0, 0x0, 0x0, 0x0, 0x0,
    0xbf, 0xff, 0x30, 0x0, 0x0, 0x0, 0x0, 0x0,
    0x0, 0xbf, 0xff, 0xff, 0x30, 0x0, 0x0, 0x0,
    0x0, 0x0, 0x34, 0xff, 0xff, 0xfd, 0x0, 0x0,
    0x0, 0x0, 0x0, 0xbf, 0x44, 0xff, 0xff, 0xe0,
    0x0, 0x0, 0x0, 0x0, 0xbf, 0xff, 0x44, 0xff,
    0xf4, 0x0, 0x0, 0x0, 0x0, 0xbf, 0xff, 0xff,
    0x44, 0xf4, 0x0, 0x0, 0x0, 0x0, 0xbf, 0xff,
    0xff, 0xff, 0x41, 0x0, 0x0, 0x0, 0x0, 0xbf,
    0xff, 0xff, 0xff, 0xf4, 0x0, 0x0, 0x0, 0x0,
    0xbf, 0xff, 0xff, 0xff, 0xf4, 0x0, 0x0, 0x0,
    0x0, 0xbf, 0xff, 0xff, 0xff, 0xf4, 0x0, 0x0,
    0x0, 0x0, 0xbf, 0xff, 0xff, 0xff, 0xf4, 0x0,
    0x0, 0x0, 0x0, 0xbf, 0xff, 0xff, 0xff, 0xf4,
    0x0, 0x0, 0x0, 0x0, 0x8f, 0xff, 0xff, 0xff,
    0xf4, 0x0, 0x0, 0x0, 0x0, 0xa, 0xff, 0xff,
    0xff, 0xf4, 0x0, 0x0, 0x0, 0x0, 0x0, 0xcf,
    0xff, 0xff, 0xf4, 0x0, 0x0, 0x0, 0x0, 0x0,
    0xe, 0xff, 0xff, 0xf4, 0x0, 0x0, 0x0, 0x0,
    0x0, 0x0, 0xff, 0xff, 0xd4, 0x0, 0x0, 0x0,
    0x0, 0x0, 0x0, 0x2, 0x31, 0x0, 0x0, 0x0,
    0x0, 0x0, 0x0, 0x0, 0x0,

    /* U+F55A "" */
    0x0, 0x0, 0x0, 0x57, 0x88, 0x88, 0x88, 0x88,
    0x88, 0x88, 0x72, 0x0, 0x0, 0x0, 0xaf, 0xff,
    0xff, 0xff, 0xff, 0xff, 0xff, 0xff, 0xf2, 0x0,
    0x0, 0xbf, 0xff, 0xff, 0xff, 0xff, 0xff, 0xff,
    0xff, 0xff, 0x70, 0x0, 0xbf, 0xff, 0xff, 0xf8,
    0xaf, 0xff, 0xa8, 0xff, 0xff, 0xf8, 0x0, 0xbf,
    0xff, 0xff, 0xfa, 0x0, 0xaf, 0xa0, 0xa, 0xff,
    0xff, 0x80, 0xbf, 0xff, 0xff, 0xff, 0xf3, 0x0,
    0x60, 0x3, 0xff, 0xff, 0xf8, 0xaf, 0xff, 0xff,
    0xff, 0xff, 0xf3, 0x0, 0x3, 0xff, 0xff, 0xff,
    0x8e, 0xff, 0xff, 0xff, 0xff, 0xff, 0x90, 0x0,
    0x9f, 0xff, 0xff, 0xf8, 0x4f, 0xff, 0xff, 0xff,
    0xff, 0xa0, 0x0, 0x0, 0xaf, 0xff, 0xff, 0x80,
    0x4f, 0xff, 0xff, 0xff, 0xb0, 0x3, 0xe3, 0x0,
    0xbf, 0xff, 0xf8, 0x0, 0x4f, 0xff, 0xff, 0xfe,
    0x13, 0xff, 0xf3, 0x1e, 0xff, 0xff, 0x80, 0x0,
    0x4f, 0xff, 0xff, 0xfe, 0xff, 0xff, 0xfe, 0xff,
    0xff, 0xf7, 0x0, 0x0, 0x4f, 0xff, 0xff, 0xff,
    0xff, 0xff, 0xff, 0xff, 0xff, 0x50, 0x0, 0x0,
    0x3d, 0xff, 0xff, 0xff, 0xff, 0xff, 0xff, 0xff,
    0x90,

    /* U+F7C2 "" */
    0x0, 0x1, 0xcf, 0xff, 0xff, 0xfe, 0x60, 0x0,
    0x1c, 0xff, 0xff, 0xff, 0xff, 0xf2, 0x0, 0xcf,
    0x47, 0xf4, 0xd8, 0x4f, 0xf5, 0xc, 0xff, 0x3,
    0xe0, 0xc5, 0xe, 0xf5, 0xcf, 0xff, 0x3, 0xe0,
    0xc5, 0xe, 0xf5, 0xff, 0xff, 0x24, 0xe2, 0xc6,
    0x2e, 0xf5, 0xff, 0xff, 0xff, 0xff, 0xff, 0xff,
    0xf5, 0xff, 0xff, 0xff, 0xff, 0xff, 0xff, 0xf5,
    0xff, 0xff, 0xff, 0xff, 0xff, 0xff, 0xf5, 0xff,
    0xff, 0xff, 0xff, 0xff, 0xff, 0xf5, 0xff, 0xff,
    0xff, 0xff, 0xff, 0xff, 0xf5, 0xff, 0xff, 0xff,
    0xff, 0xff, 0xff, 0xf5, 0xff, 0xff, 0xff, 0xff,
    0xff, 0xff, 0xf5, 0xff, 0xff, 0xff, 0xff, 0xff,
    0xff, 0xf5, 0xff, 0xff, 0xff, 0xff, 0xff, 0xff,
    0xf5, 0xff, 0xff, 0xff, 0xff, 0xff, 0xff, 0xf5,
    0xef, 0xff, 0xff, 0xff, 0xff, 0xff, 0xf3, 0x5f,
    0xff, 0xff, 0xff, 0xff, 0xff, 0xa0, 0x1, 0x34,
    0x44, 0x44, 0x44, 0x42, 0x0,

    /* U+F8A2 "" */
    0x0, 0x0, 0x0, 0x0, 0x0, 0x0, 0x0, 0x0,
    0x3, 0x0, 0x0, 0x0, 0x0, 0x0, 0x0, 0x0,
    0x0, 0x5, 0xf1, 0x0, 0x0, 0x0, 0x0, 0x0,
    0x0, 0x0, 0x5, 0xff, 0x10, 0x0, 0x3e, 0x90,
    0x0, 0x0, 0x0, 0x0, 0xbf, 0xf1, 0x0, 0x4f,
    0xfb, 0x0, 0x0, 0x0, 0x0, 0xb, 0xff, 0x10,
    0x5f, 0xff, 0xb0, 0x0, 0x0, 0x0, 0x0, 0xbf,
    0xf1, 0x6f, 0xff, 0xff, 0xff, 0xff, 0xff, 0xff,
    0xff, 0xff, 0x1d, 0xff, 0xff, 0xff, 0xff, 0xff,
    0xff, 0xff, 0xff, 0xf1, 0x3e, 0xff, 0xfe, 0xcc,
    0xcc, 0xcc, 0xcc, 0xcc, 0xca, 0x0, 0x2e, 0xff,
    0xb0, 0x0, 0x0, 0x0, 0x0, 0x0, 0x0, 0x0,
    0x1d, 0xfb, 0x0, 0x0, 0x0, 0x0, 0x0, 0x0,
    0x0, 0x0, 0x1b, 0x60, 0x0, 0x0, 0x0, 0x0,
    0x0, 0x0
};


/*---------------------
 *  GLYPH DESCRIPTION
 *--------------------*/

static const lv_font_fmt_txt_glyph_dsc_t glyph_dsc[] = {
    {.bitmap_index = 0, .adv_w = 0, .box_w = 0, .box_h = 0, .ofs_x = 0, .ofs_y = 0} /* id = 0 reserved */,
    {.bitmap_index = 0, .adv_w = 86, .box_w = 0, .box_h = 0, .ofs_x = 0, .ofs_y = 0},
    {.bitmap_index = 0, .adv_w = 86, .box_w = 5, .box_h = 14, .ofs_x = 0, .ofs_y = -2},
    {.bitmap_index = 35, .adv_w = 115, .box_w = 7, .box_h = 6, .ofs_x = 0, .ofs_y = 8},
    {.bitmap_index = 56, .adv_w = 196, .box_w = 12, .box_h = 12, .ofs_x = 0, .ofs_y = -1},
    {.bitmap_index = 128, .adv_w = 202, .box_w = 12, .box_h = 16, .ofs_x = 0, .ofs_y = -3},
    {.bitmap_index = 224, .adv_w = 259, .box_w = 16, .box_h = 13, .ofs_x = 0, .ofs_y = -1},
    {.bitmap_index = 328, .adv_w = 236, .box_w = 13, .box_h = 12, .ofs_x = 1, .ofs_y = -1},
    {.bitmap_index = 406, .adv_w = 72, .box_w = 4, .box_h = 6, .ofs_x = 0, .ofs_y = 8},
    {.bitmap_index = 418, .adv_w = 115, .box_w = 6, .box_h = 16, .ofs_x = 1, .ofs_y = -2},
    {.bitmap_index = 466, .adv_w = 115, .box_w = 6, .box_h = 16, .ofs_x = 1, .ofs_y = -2},
    {.bitmap_index = 514, .adv_w = 130, .box_w = 8, .box_h = 7, .ofs_x = 0, .ofs_y = 5},
    {.bitmap_index = 542, .adv_w = 173, .box_w = 11, .box_h = 10, .ofs_x = 0, .ofs_y = 0},
    {.bitmap_index = 597, .adv_w = 98, .box_w = 5, .box_h = 9, .ofs_x = 0, .ofs_y = -6},
    {.bitmap_index = 620, .adv_w = 132, .box_w = 8, .box_h = 3, .ofs_x = 0, .ofs_y = 4},
    {.bitmap_index = 632, .adv_w = 72, .box_w = 4, .box_h = 4, .ofs_x = 0, .ofs_y = -1},
    {.bitmap_index = 640, .adv_w = 144, .box_w = 9, .box_h = 13, .ofs_x = 0, .ofs_y = -1},
    {.bitmap_index = 699, .adv_w = 161, .box_w = 10, .box_h = 12, .ofs_x = 0, .ofs_y = -1},
    {.bitmap_index = 759, .adv_w = 95, .box_w = 5, .box_h = 13, .ofs_x = 0, .ofs_y = -1},
    {.bitmap_index = 792, .adv_w = 164, .box_w = 10, .box_h = 12, .ofs_x = 0, .ofs_y = -1},
    {.bitmap_index = 852, .adv_w = 164, .box_w = 10, .box_h = 12, .ofs_x = 0, .ofs_y = -1},
    {.bitmap_index = 912, .adv_w = 167, .box_w = 10, .box_h = 12, .ofs_x = 0, .ofs_y = -1},
    {.bitmap_index = 972, .adv_w = 164, .box_w = 10, .box_h = 12, .ofs_x = 0, .ofs_y = -1},
    {.bitmap_index = 1032, .adv_w = 167, .box_w = 10, .box_h = 12, .ofs_x = 0, .ofs_y = -1},
    {.bitmap_index = 1092, .adv_w = 153, .box_w = 9, .box_h = 12, .ofs_x = 0, .ofs_y = -1},
    {.bitmap_index = 1146, .adv_w = 173, .box_w = 11, .box_h = 12, .ofs_x = 0, .ofs_y = -1},
    {.bitmap_index = 1212, .adv_w = 173, .box_w = 11, .box_h = 12, .ofs_x = 0, .ofs_y = -1},
    {.bitmap_index = 1278, .adv_w = 86, .box_w = 4, .box_h = 10, .ofs_x = 1, .ofs_y = -1},
    {.bitmap_index = 1298, .adv_w = 98, .box_w = 4, .box_h = 14, .ofs_x = 1, .ofs_y = -5},
    {.bitmap_index = 1326, .adv_w = 173, .box_w = 10, .box_h = 11, .ofs_x = 0, .ofs_y = -1},
    {.bitmap_index = 1381, .adv_w = 181, .box_w = 10, .box_h = 7, .ofs_x = 1, .ofs_y = 1},
    {.bitmap_index = 1416, .adv_w = 173, .box_w = 10, .box_h = 11, .ofs_x = 0, .ofs_y = -1},
    {.bitmap_index = 1471, .adv_w = 165, .box_w = 9, .box_h = 14, .ofs_x = 1, .ofs_y = -2},
    {.bitmap_index = 1534, .adv_w = 256, .box_w = 16, .box_h = 14, .ofs_x = 0, .ofs_y = -1},
    {.bitmap_index = 1646, .adv_w = 197, .box_w = 13, .box_h = 12, .ofs_x = 0, .ofs_y = -1},
    {.bitmap_index = 1724, .adv_w = 186, .box_w = 11, .box_h = 12, .ofs_x = 0, .ofs_y = -1},
    {.bitmap_index = 1790, .adv_w = 198, .box_w = 12, .box_h = 12, .ofs_x = 0, .ofs_y = -1},
    {.bitmap_index = 1862, .adv_w = 187, .box_w = 11, .box_h = 12, .ofs_x = 0, .ofs_y = -1},
    {.bitmap_index = 1928, .adv_w = 167, .box_w = 10, .box_h = 12, .ofs_x = 0, .ofs_y = -1},
    {.bitmap_index = 1988, .adv_w = 168, .box_w = 10, .box_h = 12, .ofs_x = 0, .ofs_y = -1},
    {.bitmap_index = 2048, .adv_w = 211, .box_w = 13, .box_h = 12, .ofs_x = 0, .ofs_y = -1},
    {.bitmap_index = 2126, .adv_w = 198, .box_w = 11, .box_h = 12, .ofs_x = 1, .ofs_y = -1},
    {.bitmap_index = 2192, .adv_w = 86, .box_w = 4, .box_h = 12, .ofs_x = 1, .ofs_y = -1},
    {.bitmap_index = 2216, .adv_w = 101, .box_w = 7, .box_h = 12, .ofs_x = -1, .ofs_y = -1},
    {.bitmap_index = 2258, .adv_w = 176, .box_w = 11, .box_h = 12, .ofs_x = 0, .ofs_y = -1},
    {.bitmap_index = 2324, .adv_w = 154, .box_w = 9, .box_h = 12, .ofs_x = 0, .ofs_y = -1},
    {.bitmap_index = 2378, .adv_w = 234, .box_w = 14, .box_h = 12, .ofs_x = 0, .ofs_y = -1},
    {.bitmap_index = 2462, .adv_w = 195, .box_w = 12, .box_h = 12, .ofs_x = 0, .ofs_y = -1},
    {.bitmap_index = 2534, .adv_w = 203, .box_w = 12, .box_h = 12, .ofs_x = 0, .ofs_y = -1},
    {.bitmap_index = 2606, .adv_w = 181, .box_w = 11, .box_h = 12, .ofs_x = 0, .ofs_y = -1},
    {.bitmap_index = 2672, .adv_w = 199, .box_w = 13, .box_h = 14, .ofs_x = 0, .ofs_y = -3},
    {.bitmap_index = 2763, .adv_w = 186, .box_w = 11, .box_h = 12, .ofs_x = 0, .ofs_y = -1},
    {.bitmap_index = 2829, .adv_w = 199, .box_w = 12, .box_h = 12, .ofs_x = 0, .ofs_y = -1},
    {.bitmap_index = 2901, .adv_w = 168, .box_w = 10, .box_h = 12, .ofs_x = 0, .ofs_y = -1},
    {.bitmap_index = 2961, .adv_w = 202, .box_w = 11, .box_h = 12, .ofs_x = 1, .ofs_y = -1},
    {.bitmap_index = 3027, .adv_w = 186, .box_w = 12, .box_h = 12, .ofs_x = 0, .ofs_y = -1},
    {.bitmap_index = 3099, .adv_w = 270, .box_w = 17, .box_h = 12, .ofs_x = 0, .ofs_y = -1},
    {.bitmap_index = 3201, .adv_w = 216, .box_w = 13, .box_h = 12, .ofs_x = 0, .ofs_y = -1},
    {.bitmap_index = 3279, .adv_w = 196, .box_w = 12, .box_h = 12, .ofs_x = 0, .ofs_y = -1},
    {.bitmap_index = 3351, .adv_w = 187, .box_w = 11, .box_h = 12, .ofs_x = 0, .ofs_y = -1},
    {.bitmap_index = 3417, .adv_w = 115, .box_w = 5, .box_h = 16, .ofs_x = 1, .ofs_y = -3},
    {.bitmap_index = 3457, .adv_w = 144, .box_w = 9, .box_h = 13, .ofs_x = 0, .ofs_y = -1},
    {.bitmap_index = 3516, .adv_w = 115, .box_w = 5, .box_h = 16, .ofs_x = 1, .ofs_y = -3},
    {.bitmap_index = 3556, .adv_w = 173, .box_w = 11, .box_h = 6, .ofs_x = 0, .ofs_y = 5},
    {.bitmap_index = 3589, .adv_w = 144, .box_w = 9, .box_h = 3, .ofs_x = 0, .ofs_y = -4},
    {.bitmap_index = 3603, .adv_w = 288, .box_w = 4, .box_h = 4, .ofs_x = 7, .ofs_y = 11},
    {.bitmap_index = 3611, .adv_w = 174, .box_w = 10, .box_h = 9, .ofs_x = 0, .ofs_y = -1},
    {.bitmap_index = 3656, .adv_w = 178, .box_w = 10, .box_h = 13, .ofs_x = 1, .ofs_y = -1},
    {.bitmap_index = 3721, .adv_w = 159, .box_w = 10, .box_h = 9, .ofs_x = 0, .ofs_y = -1},
    {.bitmap_index = 3766, .adv_w = 177, .box_w = 10, .box_h = 13, .ofs_x = 0, .ofs_y = -1},
    {.bitmap_index = 3831, .adv_w = 164, .box_w = 10, .box_h = 9, .ofs_x = 0, .ofs_y = -1},
    {.bitmap_index = 3876, .adv_w = 101, .box_w = 7, .box_h = 13, .ofs_x = 0, .ofs_y = -1},
    {.bitmap_index = 3922, .adv_w = 167, .box_w = 10, .box_h = 13, .ofs_x = 0, .ofs_y = -5},
    {.bitmap_index = 3987, .adv_w = 173, .box_w = 9, .box_h = 13, .ofs_x = 1, .ofs_y = -1},
    {.bitmap_index = 4046, .adv_w = 86, .box_w = 4, .box_h = 13, .ofs_x = 1, .ofs_y = -1},
    {.bitmap_index = 4072, .adv_w = 84, .box_w = 6, .box_h = 16, .ofs_x = -1, .ofs_y = -5},
    {.bitmap_index = 4120, .adv_w = 164, .box_w = 10, .box_h = 13, .ofs_x = 1, .ofs_y = -1},
    {.bitmap_index = 4185, .adv_w = 81, .box_w = 4, .box_h = 13, .ofs_x = 1, .ofs_y = -1},
    {.bitmap_index = 4211, .adv_w = 254, .box_w = 14, .box_h = 9, .ofs_x = 1, .ofs_y = -1},
    {.bitmap_index = 4274, .adv_w = 172, .box_w = 9, .box_h = 9, .ofs_x = 1, .ofs_y = -1},
    {.bitmap_index = 4315, .adv_w = 164, .box_w = 10, .box_h = 9, .ofs_x = 0, .ofs_y = -1},
    {.bitmap_index = 4360, .adv_w = 178, .box_w = 10, .box_h = 13, .ofs_x = 1, .ofs_y = -5},
    {.bitmap_index = 4425, .adv_w = 178, .box_w = 11, .box_h = 13, .ofs_x = 0, .ofs_y = -5},
    {.bitmap_index = 4497, .adv_w = 132, .box_w = 8, .box_h = 9, .ofs_x = 1, .ofs_y = -1},
    {.bitmap_index = 4533, .adv_w = 153, .box_w = 10, .box_h = 9, .ofs_x = 0, .ofs_y = -1},
    {.bitmap_index = 4578, .adv_w = 109, .box_w = 7, .box_h = 12, .ofs_x = 0, .ofs_y = -1},
    {.bitmap_index = 4620, .adv_w = 173, .box_w = 9, .box_h = 9, .ofs_x = 1, .ofs_y = -1},
    {.bitmap_index = 4661, .adv_w = 149, .box_w = 10, .box_h = 9, .ofs_x = 0, .ofs_y = -1},
    {.bitmap_index = 4706, .adv_w = 224, .box_w = 14, .box_h = 9, .ofs_x = 0, .ofs_y = -1},
    {.bitmap_index = 4769, .adv_w = 157, .box_w = 10, .box_h = 9, .ofs_x = 0, .ofs_y = -1},
    {.bitmap_index = 4814, .adv_w = 162, .box_w = 11, .box_h = 13, .ofs_x = 0, .ofs_y = -5},
    {.bitmap_index = 4886, .adv_w = 158, .box_w = 10, .box_h = 9, .ofs_x = 0, .ofs_y = -1},
    {.bitmap_index = 4931, .adv_w = 115, .box_w = 7, .box_h = 16, .ofs_x = 0, .ofs_y = -3},
    {.bitmap_index = 4987, .adv_w = 86, .box_w = 4, .box_h = 16, .ofs_x = 1, .ofs_y = -3},
    {.bitmap_index = 5019, .adv_w = 115, .box_w = 7, .box_h = 16, .ofs_x = 0, .ofs_y = -3},
    {.bitmap_index = 5075, .adv_w = 173, .box_w = 11, .box_h = 4, .ofs_x = 0, .ofs_y = 3},
    {.bitmap_index = 5097, .adv_w = 288, .box_w = 19, .box_h = 19, .ofs_x = 0, .ofs_y = -3},
    {.bitmap_index = 5278, .adv_w = 288, .box_w = 18, .box_h = 14, .ofs_x = 0, .ofs_y = 0},
    {.bitmap_index = 5404, .adv_w = 288, .box_w = 18, .box_h = 17, .ofs_x = 0, .ofs_y = -2},
    {.bitmap_index = 5557, .adv_w = 288, .box_w = 18, .box_h = 14, .ofs_x = 0, .ofs_y = 0},
    {.bitmap_index = 5683, .adv_w = 198, .box_w = 13, .box_h = 13, .ofs_x = 0, .ofs_y = 0},
    {.bitmap_index = 5768, .adv_w = 288, .box_w = 19, .box_h = 18, .ofs_x = 0, .ofs_y = -2},
    {.bitmap_index = 5939, .adv_w = 288, .box_w = 18, .box_h = 19, .ofs_x = 0, .ofs_y = -3},
    {.bitmap_index = 6110, .adv_w = 324, .box_w = 21, .box_h = 17, .ofs_x = 0, .ofs_y = -2},
    {.bitmap_index = 6289, .adv_w = 288, .box_w = 18, .box_h = 19, .ofs_x = 0, .ofs_y = -3},
    {.bitmap_index = 6460, .adv_w = 324, .box_w = 21, .box_h = 14, .ofs_x = 0, .ofs_y = 0},
    {.bitmap_index = 6607, .adv_w = 288, .box_w = 18, .box_h = 19, .ofs_x = 0, .ofs_y = -3},
    {.bitmap_index = 6778, .adv_w = 144, .box_w = 9, .box_h = 15, .ofs_x = 0, .ofs_y = -1},
    {.bitmap_index = 6846, .adv_w = 216, .box_w = 14, .box_h = 15, .ofs_x = 0, .ofs_y = -1},
    {.bitmap_index = 6951, .adv_w = 324, .box_w = 21, .box_h = 18, .ofs_x = 0, .ofs_y = -2},
    {.bitmap_index = 7140, .adv_w = 288, .box_w = 18, .box_h = 14, .ofs_x = 0, .ofs_y = 0},
    {.bitmap_index = 7266, .adv_w = 198, .box_w = 13, .box_h = 19, .ofs_x = 0, .ofs_y = -3},
    {.bitmap_index = 7390, .adv_w = 252, .box_w = 12, .box_h = 17, .ofs_x = 2, .ofs_y = -2},
    {.bitmap_index = 7492, .adv_w = 252, .box_w = 16, .box_h = 19, .ofs_x = 0, .ofs_y = -3},
    {.bitmap_index = 7644, .adv_w = 252, .box_w = 16, .box_h = 17, .ofs_x = 0, .ofs_y = -2},
    {.bitmap_index = 7780, .adv_w = 252, .box_w = 16, .box_h = 17, .ofs_x = 0, .ofs_y = -2},
    {.bitmap_index = 7916, .adv_w = 252, .box_w = 12, .box_h = 17, .ofs_x = 2, .ofs_y = -2},
    {.bitmap_index = 8018, .adv_w = 252, .box_w = 18, .box_h = 17, .ofs_x = -1, .ofs_y = -2},
    {.bitmap_index = 8171, .adv_w = 180, .box_w = 11, .box_h = 16, .ofs_x = 0, .ofs_y = -1},
    {.bitmap_index = 8259, .adv_w = 180, .box_w = 11, .box_h = 16, .ofs_x = 0, .ofs_y = -1},
    {.bitmap_index = 8347, .adv_w = 252, .box_w = 16, .box_h = 17, .ofs_x = 0, .ofs_y = -2},
    {.bitmap_index = 8483, .adv_w = 252, .box_w = 16, .box_h = 4, .ofs_x = 0, .ofs_y = 5},
    {.bitmap_index = 8515, .adv_w = 324, .box_w = 21, .box_h = 14, .ofs_x = 0, .ofs_y = 0},
    {.bitmap_index = 8662, .adv_w = 360, .box_w = 23, .box_h = 19, .ofs_x = 0, .ofs_y = -3},
    {.bitmap_index = 8881, .adv_w = 324, .box_w = 22, .box_h = 19, .ofs_x = -1, .ofs_y = -3},
    {.bitmap_index = 9090, .adv_w = 288, .box_w = 18, .box_h = 17, .ofs_x = 0, .ofs_y = -2},
    {.bitmap_index = 9243, .adv_w = 252, .box_w = 16, .box_h = 10, .ofs_x = 0, .ofs_y = 2},
    {.bitmap_index = 9323, .adv_w = 252, .box_w = 16, .box_h = 10, .ofs_x = 0, .ofs_y = 2},
    {.bitmap_index = 9403, .adv_w = 360, .box_w = 24, .box_h = 15, .ofs_x = -1, .ofs_y = -1},
    {.bitmap_index = 9583, .adv_w = 288, .box_w = 18, .box_h = 14, .ofs_x = 0, .ofs_y = 0},
    {.bitmap_index = 9709, .adv_w = 288, .box_w = 18, .box_h = 19, .ofs_x = 0, .ofs_y = -3},
    {.bitmap_index = 9880, .adv_w = 288, .box_w = 19, .box_h = 19, .ofs_x = -1, .ofs_y = -3},
    {.bitmap_index = 10061, .adv_w = 252, .box_w = 16, .box_h = 17, .ofs_x = 0, .ofs_y = -2},
    {.bitmap_index = 10197, .adv_w = 252, .box_w = 16, .box_h = 19, .ofs_x = 0, .ofs_y = -3},
    {.bitmap_index = 10349, .adv_w = 252, .box_w = 16, .box_h = 17, .ofs_x = 0, .ofs_y = -2},
    {.bitmap_index = 10485, .adv_w = 252, .box_w = 16, .box_h = 15, .ofs_x = 0, .ofs_y = -1},
    {.bitmap_index = 10605, .adv_w = 288, .box_w = 18, .box_h = 14, .ofs_x = 0, .ofs_y = 0},
    {.bitmap_index = 10731, .adv_w = 180, .box_w = 13, .box_h = 19, .ofs_x = -1, .ofs_y = -3},
    {.bitmap_index = 10855, .adv_w = 252, .box_w = 16, .box_h = 19, .ofs_x = 0, .ofs_y = -3},
    {.bitmap_index = 11007, .adv_w = 252, .box_w = 16, .box_h = 19, .ofs_x = 0, .ofs_y = -3},
    {.bitmap_index = 11159, .adv_w = 324, .box_w = 21, .box_h = 14, .ofs_x = 0, .ofs_y = 0},
    {.bitmap_index = 11306, .adv_w = 288, .box_w = 20, .box_h = 20, .ofs_x = -1, .ofs_y = -3},
    {.bitmap_index = 11506, .adv_w = 216, .box_w = 14, .box_h = 19, .ofs_x = 0, .ofs_y = -3},
    {.bitmap_index = 11639, .adv_w = 360, .box_w = 23, .box_h = 18, .ofs_x = 0, .ofs_y = -2},
    {.bitmap_index = 11846, .adv_w = 360, .box_w = 23, .box_h = 12, .ofs_x = 0, .ofs_y = 1},
    {.bitmap_index = 11984, .adv_w = 360, .box_w = 23, .box_h = 12, .ofs_x = 0, .ofs_y = 1},
    {.bitmap_index = 12122, .adv_w = 360, .box_w = 23, .box_h = 12, .ofs_x = 0, .ofs_y = 1},
    {.bitmap_index = 12260, .adv_w = 360, .box_w = 23, .box_h = 12, .ofs_x = 0, .ofs_y = 1},
    {.bitmap_index = 12398, .adv_w = 360, .box_w = 23, .box_h = 12, .ofs_x = 0, .ofs_y = 1},
    {.bitmap_index = 12536, .adv_w = 360, .box_w = 23, .box_h = 15, .ofs_x = 0, .ofs_y = -1},
    {.bitmap_index = 12709, .adv_w = 252, .box_w = 14, .box_h = 19, .ofs_x = 1, .ofs_y = -3},
    {.bitmap_index = 12842, .adv_w = 252, .box_w = 16, .box_h = 19, .ofs_x = 0, .ofs_y = -3},
    {.bitmap_index = 12994, .adv_w = 288, .box_w = 19, .box_h = 19, .ofs_x = -1, .ofs_y = -3},
    {.bitmap_index = 13175, .adv_w = 360, .box_w = 23, .box_h = 14, .ofs_x = 0, .ofs_y = 0},
    {.bitmap_index = 13336, .adv_w = 216, .box_w = 14, .box_h = 19, .ofs_x = 0, .ofs_y = -3},
    {.bitmap_index = 13469, .adv_w = 290, .box_w = 19, .box_h = 12, .ofs_x = 0, .ofs_y = 1}
};

/*---------------------
 *  CHARACTER MAPPING
 *--------------------*/

static const uint16_t unicode_list_1[] = {
    0x0, 0x7, 0xa, 0xb, 0xc, 0x10, 0x12, 0x14,
    0x18, 0x1b, 0x20, 0x25, 0x26, 0x27, 0x3d, 0x42,
    0x47, 0x4a, 0x4b, 0x4c, 0x50, 0x51, 0x52, 0x53,
    0x66, 0x67, 0x6d, 0x6f, 0x70, 0x73, 0x76, 0x77,
    0x78, 0x7a, 0x92, 0x94, 0xc3, 0xc4, 0xc6, 0xc8,
    0xdf, 0xe6, 0xe9, 0xf2, 0x11b, 0x123, 0x15a, 0x1ea,
    0x23f, 0x240, 0x241, 0x242, 0x243, 0x286, 0x292, 0x2ec,
    0x303, 0x559, 0x7c1, 0x8a1
};

/*Collect the unicode lists and glyph_id offsets*/
static const lv_font_fmt_txt_cmap_t cmaps[] =
{
    {
        .range_start = 32, .range_length = 95, .glyph_id_start = 1,
        .unicode_list = NULL, .glyph_id_ofs_list = NULL, .list_length = 0, .type = LV_FONT_FMT_TXT_CMAP_FORMAT0_TINY
    },
    {
        .range_start = 61441, .range_length = 2210, .glyph_id_start = 96,
        .unicode_list = unicode_list_1, .glyph_id_ofs_list = NULL, .list_length = 60, .type = LV_FONT_FMT_TXT_CMAP_SPARSE_TINY
    }
};

/*-----------------
 *    KERNING
 *----------------*/


/*Map glyph_ids to kern left classes*/
static const uint8_t kern_left_class_mapping[] =
{
    0, 0, 0, 1, 0, 0, 0, 0,
    0, 0, 0, 0, 0, 2, 0, 3,
    0, 0, 0, 0, 0, 0, 0, 0,
    0, 0, 0, 0, 0, 0, 0, 0,
    0, 0, 4, 0, 0, 5, 0, 6,
    0, 0, 0, 7, 8, 9, 0, 0,
    10, 11, 0, 12, 0, 13, 14, 15,
    16, 0, 17, 0, 0, 0, 0, 0,
    0, 0, 0, 0, 0, 0, 0, 0,
    0, 0, 0, 0, 0, 0, 0, 0,
    0, 0, 0, 18, 0, 0, 0, 19,
    20, 0, 21, 0, 0, 0, 0, 0,
    0, 0, 0, 0, 0, 0, 0, 0,
    0, 0, 0, 0, 0, 0, 0, 0,
    0, 0, 0, 0, 0, 0, 0, 0,
    0, 0, 0, 0, 0, 0, 0, 0,
    0, 0, 0, 0, 0, 0, 0, 0,
    0, 0, 0, 0, 0, 0, 0, 0,
    0, 0, 0, 0, 0, 0, 0, 0,
    0, 0, 0, 0
};

/*Map glyph_ids to kern right classes*/
static const uint8_t kern_right_class_mapping[] =
{
    0, 0, 0, 1, 0, 0, 0, 0,
    0, 0, 0, 0, 0, 2, 3, 4,
    0, 0, 0, 0, 0, 0, 0, 0,
    0, 0, 0, 0, 0, 0, 0, 0,
    0, 0, 5, 0, 0, 0, 0, 0,
    0, 0, 0, 0, 0, 0, 0, 0,
    6, 0, 0, 0, 0, 7, 0, 8,
    9, 10, 11, 0, 0, 0, 0, 0,
    0, 0, 12, 0, 0, 0, 13, 0,
    0, 0, 14, 0, 0, 0, 0, 0,
    15, 0, 0, 16, 0, 0, 17, 18,
    19, 0, 20, 0, 0, 0, 0, 0,
    0, 0, 0, 0, 0, 0, 0, 0,
    0, 0, 0, 0, 0, 0, 0, 0,
    0, 0, 0, 0, 0, 0, 0, 0,
    0, 0, 0, 0, 0, 0, 0, 0,
    0, 0, 0, 0, 0, 0, 0, 0,
    0, 0, 0, 0, 0, 0, 0, 0,
    0, 0, 0, 0, 0, 0, 0, 0,
    0, 0, 0, 0
};

/*Kern values between classes*/
static const int8_t kern_class_values[] =
{
    0, 0, 0, 0, -26, 0, 0, 0,
    0, 0, 0, 0, 0, 0, 0, 0,
    0, -9, 0, 0, -17, 0, 0, 0,
    0, 0, 0, 0, 0, 0, 0, 0,
    0, 0, 0, 0, 0, 0, 0, 0,
    -14, 0, 0, 0, 0, 0, 0, 0,
    0, 0, 0, 0, 0, 0, 0, 0,
    0, 0, 0, 0, -29, 0, 0, 0,
    0, 0, -23, -26, -17, 0, -35, 0,
    0, 0, 0, 0, -9, -12, -12, -6,
    0, 0, 0, 0, -9, 0, 0, -9,
    -6, 0, -17, 0, 0, 0, 0, 0,
    0, 0, 0, 0, 0, -23, 0, -23,
    -20, 0, 0, 0, 0, 0, 0, -14,
    -12, -12, -12, -12, 0, 0, 0, 0,
    0, 0, 0, 0, -14, 0, 0, 0,
    0, 0, 0, 0, 0, 0, 0, 0,
    0, 0, 0, 0, 0, 0, 0, 0,
    0, 0, 0, 0, 0, 0, 0, 0,
    0, 0, 0, 0, 0, -23, -23, -23,
    -26, 0, 0, 0, 0, 0, -32, -35,
    -29, 0, -46, 0, 0, 0, 0, 0,
    0, 0, 0, -17, 0, 0, 0, 0,
    -9, 0, -12, -9, -9, -29, -23, 0,
    0, 0, 0, 0, 0, 0, 0, 0,
    0, -17, 0, -29, -20, 0, 0, 0,
    0, 0, 0, -9, -9, 0, 0, 0,
    0, 0, 0, 0, 0, 0, 0, 0,
    0, 0, -6, -6, -3, 0, -20, 0,
    0, 0, 0, 0, 0, 0, 0, 0,
    0, -20, -9, -14, -23, 0, 0, 0,
    0, 0, 0, -26, -29, -9, 0, 0,
    -23, 0, -12, -12, 0, 0, 0, 0,
    -9, 0, 0, 0, 0, 0, 0, 0,
    0, 0, 0, 0, 0, 0, 0, 0,
    0, -14, -9, -14, -20, 0, 0, 0,
    0, 0, 0, -23, -17, -9, -17, 0,
    -9, 0, 0, 0, 0, -23, 0, -17,
    -20, 0, 0, 0, 0, 0, 0, 0,
    -17, -9, -17, 0, -12, 0, 0, -6,
    0, -29, -14, -20, -26, -20, 0, 0,
    0, 0, 0, -40, -35, -14, -37, 0,
    -32, 0, 0, 0, 0, -14, 0, 0,
    0, 0, 0, 0, 0, 0, 0, 0,
    0, 0, 0, 0, 0, 0, 0, 0,
    0, -14, 0, -17, 0, 0, 0, 0,
    0, 0, 0, 0, 0, 0, 0, 0,
    0, 0, 0, 0, 0, -20, 0, -14,
    0, 0, 0, 0, 0, 0, 0, 0,
    0, 0, 0, 0, 0, 0, 0, 0,
    0, -23, 0, -17, 0, 0, 0, 0,
    0, 0, 0, 0, 0, 0, 0, 0,
    0, 0, 0, 0
};


/*Collect the kern class' data in one place*/
static const lv_font_fmt_txt_kern_classes_t kern_classes =
{
    .class_pair_values   = kern_class_values,
    .left_class_mapping  = kern_left_class_mapping,
    .right_class_mapping = kern_right_class_mapping,
    .left_class_cnt      = 21,
    .right_class_cnt     = 20,
};

/*--------------------
 *  ALL CUSTOM DATA
 *--------------------*/

#if LVGL_VERSION_MAJOR == 8
/*Store all the custom data of the font*/
static  lv_font_fmt_txt_glyph_cache_t cache;
#endif

#if LVGL_VERSION_MAJOR >= 8
static const lv_font_fmt_txt_dsc_t font_dsc = {
#else
static lv_font_fmt_txt_dsc_t font_dsc = {
#endif
    .glyph_bitmap = glyph_bitmap,
    .glyph_dsc = glyph_dsc,
    .cmaps = cmaps,
    .kern_dsc = &kern_classes,
    .kern_scale = 16,
    .cmap_num = 2,
    .bpp = 4,
    .kern_classes = 1,
    .bitmap_format = 0,
#if LVGL_VERSION_MAJOR == 8
    .cache = &cache
#endif
};



/*-----------------
 *  PUBLIC FONT
 *----------------*/

/*Initialize a public general font descriptor*/
#if LVGL_VERSION_MAJOR >= 8
const lv_font_t lv_font_yezi_hei_18 = {
#else
lv_font_t lv_font_yezi_hei_18 = {
#endif
    .get_glyph_dsc = lv_font_get_glyph_dsc_fmt_txt,    /*Function pointer to get glyph's data*/
    .get_glyph_bitmap = lv_font_get_bitmap_fmt_txt,    /*Function pointer to get glyph's bitmap*/
    .line_height = 18,          /*The maximum line height required by the font*/
    .base_line = 2,             /*Baseline measured from the bottom of the line*/
#if !(LVGL_VERSION_MAJOR == 6 && LVGL_VERSION_MINOR == 0)
    .subpx = LV_FONT_SUBPX_NONE,
#endif
#if LV_VERSION_CHECK(7, 4, 0) || LVGL_VERSION_MAJOR >= 8
    .underline_position = -2,
    .underline_thickness = 1,
#endif
    .dsc = &font_dsc,          /*The custom font data. Will be accessed by `get_glyph_bitmap/dsc` */
#if LV_VERSION_CHECK(8, 2, 0) || LVGL_VERSION_MAJOR >= 9
    .fallback = NULL,
#endif
    .user_data = NULL,
};



#endif /*#if LV_FONT_YEZI_HEI_18*/

